Room,Pot,Species,Room1,CO2_treatment,Temperature,measurement_temperature,water_treatment,PARi,Photo,Ci
7,514,E. saligna,7,640,elevated,28,wet,1499,16.4,472
7,514,E. saligna,7,640,elevated,28,wet,1200,16.7,479
7,514,E. saligna,7,640,elevated,28,wet,899,16.4,491
7,514,E. saligna,7,640,elevated,28,wet,699,16.8,490
7,514,E. saligna,7,640,elevated,28,wet,500,16.1,495
7,514,E. saligna,7,640,elevated,28,wet,298,13.8,512
7,514,E. saligna,7,640,elevated,28,wet,199,11.6,526
7,514,E. saligna,7,640,elevated,28,wet,99,6.9,563
7,514,E. saligna,7,640,elevated,28,wet,60,5.15,574
7,514,E. saligna,7,640,elevated,28,wet,30,3.13,592
7,514,E. saligna,7,640,elevated,28,wet,0,0.69,622
7,514,E. saligna,7,640,elevated,34,wet,1501,14.9,449
7,514,E. saligna,7,640,elevated,34,wet,1200,16.6,464
7,514,E. saligna,7,640,elevated,34,wet,900,16.5,489
7,514,E. saligna,7,640,elevated,34,wet,700,16,505
7,514,E. saligna,7,640,elevated,34,wet,500,14.7,523
7,514,E. saligna,7,640,elevated,34,wet,300,12.1,543
7,514,E. saligna,7,640,elevated,34,wet,201,8.93,567
7,514,E. saligna,7,640,elevated,34,wet,99,4.11,594
7,514,E. saligna,7,640,elevated,34,wet,60,2.5,606
7,514,E. saligna,7,640,elevated,34,wet,30,0.85,617
7,514,E. saligna,7,640,elevated,34,wet,0,-0.49,627
7,528,E. saligna,7,640,elevated,28,wet,1501,11.4,477
7,528,E. saligna,7,640,elevated,28,wet,1201,10.6,487
7,528,E. saligna,7,640,elevated,28,wet,900,10.4,488
7,528,E. saligna,7,640,elevated,28,wet,700,10.8,485
7,528,E. saligna,7,640,elevated,28,wet,500,9.97,495
7,528,E. saligna,7,640,elevated,28,wet,299,8.37,515
7,528,E. saligna,7,640,elevated,28,wet,200,7.38,529
7,528,E. saligna,7,640,elevated,28,wet,100,4.03,573
7,528,E. saligna,7,640,elevated,28,wet,61,2.11,600
7,528,E. saligna,7,640,elevated,28,wet,30,0.3,627
7,528,E. saligna,7,640,elevated,28,wet,1,-0.85,647
7,528,E. saligna,7,640,elevated,34,wet,1499,11.1,439
7,528,E. saligna,7,640,elevated,34,wet,1201,12,450
7,528,E. saligna,7,640,elevated,34,wet,899,12.2,468
7,528,E. saligna,7,640,elevated,34,wet,699,11.8,482
7,528,E. saligna,7,640,elevated,34,wet,499,11.4,492
7,528,E. saligna,7,640,elevated,34,wet,300,10.3,502
7,528,E. saligna,7,640,elevated,34,wet,200,8.13,524
7,528,E. saligna,7,640,elevated,34,wet,100,4.29,566
7,528,E. saligna,7,640,elevated,34,wet,60,2.71,584
7,528,E. saligna,7,640,elevated,34,wet,31,0.94,607
7,528,E. saligna,7,640,elevated,34,wet,0,-1.01,644
6,477,E. saligna,6,280,elevated,28,wet,1500,8.7,233
6,477,E. saligna,6,280,elevated,28,wet,1200,8.37,232
6,477,E. saligna,6,280,elevated,28,wet,899,8.35,229
6,477,E. saligna,6,280,elevated,28,wet,700,7.93,229
6,477,E. saligna,6,280,elevated,28,wet,500,7.57,226
6,477,E. saligna,6,280,elevated,28,wet,300,6.75,230
6,477,E. saligna,6,280,elevated,28,wet,199,5.69,236
6,477,E. saligna,6,280,elevated,28,wet,100,3.5,251
6,477,E. saligna,6,280,elevated,28,wet,60,2.13,261
6,477,E. saligna,6,280,elevated,28,wet,30,0.65,271
6,477,E. saligna,6,280,elevated,28,wet,0,-0.66,282
6,477,E. saligna,6,280,elevated,34,wet,1499,7.22,217
6,477,E. saligna,6,280,elevated,34,wet,1199,7.18,215
6,477,E. saligna,6,280,elevated,34,wet,900,7.33,209
6,477,E. saligna,6,280,elevated,34,wet,700,6.71,214
6,477,E. saligna,6,280,elevated,34,wet,501,6.56,214
6,477,E. saligna,6,280,elevated,34,wet,300,5.62,219
6,477,E. saligna,6,280,elevated,34,wet,200,4.7,225
6,477,E. saligna,6,280,elevated,34,wet,100,3.04,241
6,477,E. saligna,6,280,elevated,34,wet,60,1.43,256
6,477,E. saligna,6,280,elevated,34,wet,30,0.52,266
6,477,E. saligna,6,280,elevated,34,wet,0,-1.05,283
6,459,E. saligna,6,280,elevated,28,wet,1499,11.7,231
6,459,E. saligna,6,280,elevated,28,wet,1201,11.5,229
6,459,E. saligna,6,280,elevated,28,wet,900,11,229
6,459,E. saligna,6,280,elevated,28,wet,701,10.7,229
6,459,E. saligna,6,280,elevated,28,wet,500,10.1,230
6,459,E. saligna,6,280,elevated,28,wet,301,7.84,237
6,459,E. saligna,6,280,elevated,28,wet,199,6.18,246
6,459,E. saligna,6,280,elevated,28,wet,99,3.2,260
6,459,E. saligna,6,280,elevated,28,wet,60,1.87,266
6,459,E. saligna,6,280,elevated,28,wet,30,0.57,274
6,459,E. saligna,6,280,elevated,28,wet,1,-1.5,285
6,459,E. saligna,6,280,elevated,34,wet,1499,10.9,220
6,459,E. saligna,6,280,elevated,34,wet,1200,11.3,218
6,459,E. saligna,6,280,elevated,34,wet,900,11,221
6,459,E. saligna,6,280,elevated,34,wet,699,10.6,223
6,459,E. saligna,6,280,elevated,34,wet,499,9.67,227
6,459,E. saligna,6,280,elevated,34,wet,300,7.89,235
6,459,E. saligna,6,280,elevated,34,wet,200,5.73,244
6,459,E. saligna,6,280,elevated,34,wet,99,2.58,260
6,459,E. saligna,6,280,elevated,34,wet,60,1.31,267
6,459,E. saligna,6,280,elevated,34,wet,29,-0.25,275
6,459,E. saligna,6,280,elevated,34,wet,1,-2.02,285
5,380,E. saligna,5,400,elevated,28,wet,1500,16.7,328
5,380,E. saligna,5,400,elevated,28,wet,1201,15.9,329
5,380,E. saligna,5,400,elevated,28,wet,900,15.2,328
5,380,E. saligna,5,400,elevated,28,wet,701,14,330
5,380,E. saligna,5,400,elevated,28,wet,501,12.7,332
5,380,E. saligna,5,400,elevated,28,wet,301,10.5,337
5,380,E. saligna,5,400,elevated,28,wet,200,7.7,347
5,380,E. saligna,5,400,elevated,28,wet,99,4.1,365
5,380,E. saligna,5,400,elevated,28,wet,60,2.38,374
5,380,E. saligna,5,400,elevated,28,wet,31,0.85,384
5,380,E. saligna,5,400,elevated,28,wet,0,-1.38,403
5,380,E. saligna,5,400,elevated,34,wet,1499,11.2,253
5,380,E. saligna,5,400,elevated,34,wet,1200,11.3,250
5,380,E. saligna,5,400,elevated,34,wet,900,11,250
5,380,E. saligna,5,400,elevated,34,wet,700,10.1,250
5,380,E. saligna,5,400,elevated,34,wet,499,9.09,245
5,380,E. saligna,5,400,elevated,34,wet,300,7.02,253
5,380,E. saligna,5,400,elevated,34,wet,200,4.96,267
5,380,E. saligna,5,400,elevated,34,wet,100,2.57,305
5,380,E. saligna,5,400,elevated,34,wet,61,0.83,351
5,380,E. saligna,5,400,elevated,34,wet,31,0.04,380
5,380,E. saligna,5,400,elevated,34,wet,0,-1.88,487
4,279,E. saligna,4,640,ambient,28,wet,1501,22.9,409
4,279,E. saligna,4,640,ambient,28,wet,1201,21.8,419
4,279,E. saligna,4,640,ambient,28,wet,900,20.5,438
4,279,E. saligna,4,640,ambient,28,wet,699,19.4,448
4,279,E. saligna,4,640,ambient,28,wet,502,17.6,459
4,279,E. saligna,4,640,ambient,28,wet,300,13.5,490
4,279,E. saligna,4,640,ambient,28,wet,202,9.88,518
4,279,E. saligna,4,640,ambient,28,wet,100,5.03,567
4,279,E. saligna,4,640,ambient,28,wet,30,0.83,611
4,279,E. saligna,4,640,ambient,28,wet,-1,-0.93,634
4,279,E. saligna,4,640,ambient,34,wet,1498,20.4,365
4,279,E. saligna,4,640,ambient,34,wet,1199,20.1,369
4,279,E. saligna,4,640,ambient,34,wet,901,18.9,379
4,279,E. saligna,4,640,ambient,34,wet,699,17.7,391
4,279,E. saligna,4,640,ambient,34,wet,498,16,405
4,279,E. saligna,4,640,ambient,34,wet,300,12,449
4,279,E. saligna,4,640,ambient,34,wet,101,4.83,546
4,279,E. saligna,4,640,ambient,34,wet,60,2.46,579
4,279,E. saligna,4,640,ambient,34,wet,30,0.81,604
4,279,E. saligna,4,640,ambient,34,wet,0,-1.98,649
3,151,E. saligna,3,280,ambient,28,wet,1499,8.96,216
3,151,E. saligna,3,280,ambient,28,wet,1200,8.66,207
3,151,E. saligna,3,280,ambient,28,wet,899,8.02,201
3,151,E. saligna,3,280,ambient,28,wet,700,7.31,196
3,151,E. saligna,3,280,ambient,28,wet,500,6.58,191
3,151,E. saligna,3,280,ambient,28,wet,299,5.83,194
3,151,E. saligna,3,280,ambient,28,wet,100,3.21,226
3,151,E. saligna,3,280,ambient,28,wet,59,1.74,245
3,151,E. saligna,3,280,ambient,28,wet,29,0.86,257
3,151,E. saligna,3,280,ambient,28,wet,0,-0.8,290
3,151,E. saligna,3,280,ambient,34,wet,1499,3.62,185
3,151,E. saligna,3,280,ambient,34,wet,1200,3.81,169
3,151,E. saligna,3,280,ambient,34,wet,899,3.42,171
3,151,E. saligna,3,280,ambient,34,wet,700,3.78,166
3,151,E. saligna,3,280,ambient,34,wet,499,3.77,159
3,151,E. saligna,3,280,ambient,34,wet,300,2.5,177
3,151,E. saligna,3,280,ambient,34,wet,199,1.91,186
3,151,E. saligna,3,280,ambient,34,wet,100,1.05,216
3,151,E. saligna,3,280,ambient,34,wet,60,0.34,248
3,151,E. saligna,3,280,ambient,34,wet,31,0.17,257
3,151,E. saligna,3,280,ambient,34,wet,0,-1.32,361
3,143,E. saligna,3,280,ambient,28,wet,1501,11.9,220
3,143,E. saligna,3,280,ambient,28,wet,1199,11.5,220
3,143,E. saligna,3,280,ambient,28,wet,901,11.1,219
3,143,E. saligna,3,280,ambient,28,wet,701,10.7,219
3,143,E. saligna,3,280,ambient,28,wet,500,9.63,223
3,143,E. saligna,3,280,ambient,28,wet,300,8.17,229
3,143,E. saligna,3,280,ambient,28,wet,200,6.55,237
3,143,E. saligna,3,280,ambient,28,wet,100,3.44,254
3,143,E. saligna,3,280,ambient,28,wet,59,2.08,262
3,143,E. saligna,3,280,ambient,28,wet,30,0.45,271
3,143,E. saligna,3,280,ambient,28,wet,0,-1.62,283
3,143,E. saligna,3,280,ambient,34,wet,1500,9.11,210
3,143,E. saligna,3,280,ambient,34,wet,1199,9.08,208
3,143,E. saligna,3,280,ambient,34,wet,899,8.57,210
3,143,E. saligna,3,280,ambient,34,wet,700,8.32,210
3,143,E. saligna,3,280,ambient,34,wet,500,7.56,213
3,143,E. saligna,3,280,ambient,34,wet,299,6.04,224
3,143,E. saligna,3,280,ambient,34,wet,200,4.86,232
3,143,E. saligna,3,280,ambient,34,wet,100,2.55,250
3,143,E. saligna,3,280,ambient,34,wet,59,1.31,259
3,143,E. saligna,3,280,ambient,34,wet,30,0.02,270
3,143,E. saligna,3,280,ambient,34,wet,0,-1.87,286
2,60,E. saligna,2,400,ambient,28,dry,1501,10.7,339
2,60,E. saligna,2,400,ambient,28,dry,1200,10.7,333
2,60,E. saligna,2,400,ambient,28,dry,900,10.6,328
2,60,E. saligna,2,400,ambient,28,dry,700,9.79,327
2,60,E. saligna,2,400,ambient,28,dry,500,9.57,326
2,60,E. saligna,2,400,ambient,28,dry,301,7.93,335
2,60,E. saligna,2,400,ambient,28,dry,200,6.76,341
2,60,E. saligna,2,400,ambient,28,dry,99,3.97,359
2,60,E. saligna,2,400,ambient,28,dry,60,2.58,369
2,60,E. saligna,2,400,ambient,28,dry,29,0.94,380
2,60,E. saligna,2,400,ambient,28,dry,0,-1.19,396
2,60,E. saligna,2,400,ambient,34,dry,1499,9.3,304
2,60,E. saligna,2,400,ambient,34,dry,1200,9.06,298
2,60,E. saligna,2,400,ambient,34,dry,899,9.04,292
2,60,E. saligna,2,400,ambient,34,dry,701,8.74,287
2,60,E. saligna,2,400,ambient,34,dry,500,8.18,287
2,60,E. saligna,2,400,ambient,34,dry,301,6.59,296
2,60,E. saligna,2,400,ambient,34,dry,199,5.35,302
2,60,E. saligna,2,400,ambient,34,dry,99,3.03,330
2,60,E. saligna,2,400,ambient,34,dry,59,1.77,347
2,60,E. saligna,2,400,ambient,34,dry,30,0.77,364
2,60,E. saligna,2,400,ambient,34,dry,0,-1.2,411
2,74,E. saligna,2,400,ambient,28,wet,1500,16.8,317
2,74,E. saligna,2,400,ambient,28,wet,1199,16.2,315
2,74,E. saligna,2,400,ambient,28,wet,901,15.3,314
2,74,E. saligna,2,400,ambient,28,wet,701,14.2,315
2,74,E. saligna,2,400,ambient,28,wet,500,12.4,321
2,74,E. saligna,2,400,ambient,28,wet,300,10,331
2,74,E. saligna,2,400,ambient,28,wet,200,7.72,342
2,74,E. saligna,2,400,ambient,28,wet,100,4.16,363
2,74,E. saligna,2,400,ambient,28,wet,60,2.54,372
2,74,E. saligna,2,400,ambient,28,wet,31,0.87,383
2,74,E. saligna,2,400,ambient,28,wet,0,-1.14,396
2,74,E. saligna,2,400,ambient,34,wet,1500,15.2,284
2,74,E. saligna,2,400,ambient,34,wet,1200,15,283
2,74,E. saligna,2,400,ambient,34,wet,901,14.1,285
2,74,E. saligna,2,400,ambient,34,wet,701,13.4,287
2,74,E. saligna,2,400,ambient,34,wet,501,11.9,293
2,74,E. saligna,2,400,ambient,34,wet,301,10,305
2,74,E. saligna,2,400,ambient,34,wet,199,7.19,324
2,74,E. saligna,2,400,ambient,34,wet,99,4.01,347
2,74,E. saligna,2,400,ambient,34,wet,59,1.97,366
2,74,E. saligna,2,400,ambient,34,wet,31,0.92,375
2,74,E. saligna,2,400,ambient,34,wet,0,-1.13,397
2,44,E. saligna,2,400,ambient,28,wet,1499,15.2,325
2,44,E. saligna,2,400,ambient,28,wet,1201,14.5,326
2,44,E. saligna,2,400,ambient,28,wet,899,14.2,327
2,44,E. saligna,2,400,ambient,28,wet,700,13.7,328
2,44,E. saligna,2,400,ambient,28,wet,501,12.5,331
2,44,E. saligna,2,400,ambient,28,wet,300,9.94,342
2,44,E. saligna,2,400,ambient,28,wet,200,7.49,353
2,44,E. saligna,2,400,ambient,28,wet,100,3.95,371
2,44,E. saligna,2,400,ambient,28,wet,59,2.67,378
2,44,E. saligna,2,400,ambient,28,wet,31,0.82,388
2,44,E. saligna,2,400,ambient,28,wet,-1,-0.74,396
2,44,E. saligna,2,400,ambient,34,wet,1499,14.9,305
2,44,E. saligna,2,400,ambient,34,wet,1201,14.3,304
2,44,E. saligna,2,400,ambient,34,wet,901,14.1,300
2,44,E. saligna,2,400,ambient,34,wet,701,12.9,303
2,44,E. saligna,2,400,ambient,34,wet,499,11.1,311
2,44,E. saligna,2,400,ambient,34,wet,300,8.97,322
2,44,E. saligna,2,400,ambient,34,wet,200,6.8,334
2,44,E. saligna,2,400,ambient,34,wet,99,3.4,357
2,44,E. saligna,2,400,ambient,34,wet,61,1.99,368
2,44,E. saligna,2,400,ambient,34,wet,30,0.61,379
2,44,E. saligna,2,400,ambient,34,wet,0,-0.86,392
7,523,E. sideroxylon,7,640,elevated,28,wet,1500,14.5,415
7,523,E. sideroxylon,7,640,elevated,28,wet,1200,16.7,397
7,523,E. sideroxylon,7,640,elevated,28,wet,901,17.6,397
7,523,E. sideroxylon,7,640,elevated,28,wet,700,14.3,455
7,523,E. sideroxylon,7,640,elevated,28,wet,501,13.3,472
7,523,E. sideroxylon,7,640,elevated,28,wet,300,10.3,507
7,523,E. sideroxylon,7,640,elevated,28,wet,200,9.62,509
7,523,E. sideroxylon,7,640,elevated,28,wet,99,4.33,570
7,523,E. sideroxylon,7,640,elevated,28,wet,60,0.24,617
7,523,E. sideroxylon,7,640,elevated,28,wet,30,-1.42,641
7,523,E. sideroxylon,7,640,elevated,28,wet,0,-2.17,652
7,523,E. sideroxylon,7,640,elevated,34,wet,1499,17.1,445
7,523,E. sideroxylon,7,640,elevated,34,wet,1202,16.3,457
7,523,E. sideroxylon,7,640,elevated,34,wet,899,16.2,447
7,523,E. sideroxylon,7,640,elevated,34,wet,700,14.4,468
7,523,E. sideroxylon,7,640,elevated,34,wet,499,14.1,471
7,523,E. sideroxylon,7,640,elevated,34,wet,301,10.8,494
7,523,E. sideroxylon,7,640,elevated,34,wet,199,5.89,537
7,523,E. sideroxylon,7,640,elevated,34,wet,100,4.08,549
7,523,E. sideroxylon,7,640,elevated,34,wet,61,2.11,569
7,523,E. sideroxylon,7,640,elevated,34,wet,30,-0.91,636
7,523,E. sideroxylon,7,640,elevated,34,wet,0,-3.15,700
4,220,E. sideroxylon,4,640,ambient,28,wet,1498,21.9,520
4,220,E. sideroxylon,4,640,ambient,28,wet,1200,21.6,522
4,220,E. sideroxylon,4,640,ambient,28,wet,901,20.5,522
4,220,E. sideroxylon,4,640,ambient,28,wet,699,18.3,526
4,220,E. sideroxylon,4,640,ambient,28,wet,500,17.1,527
4,220,E. sideroxylon,4,640,ambient,28,wet,300,14.8,536
4,220,E. sideroxylon,4,640,ambient,28,wet,199,11.6,550
4,220,E. sideroxylon,4,640,ambient,28,wet,100,6.57,579
4,220,E. sideroxylon,4,640,ambient,28,wet,59,3.3,599
4,220,E. sideroxylon,4,640,ambient,28,wet,29,1.35,612
4,220,E. sideroxylon,4,640,ambient,28,wet,-1,-2.05,640
4,220,E. sideroxylon,4,640,ambient,34,wet,1500,21.7,446
4,220,E. sideroxylon,4,640,ambient,34,wet,1199,21.6,450
4,220,E. sideroxylon,4,640,ambient,34,wet,901,19.6,465
4,220,E. sideroxylon,4,640,ambient,34,wet,700,18.8,470
4,220,E. sideroxylon,4,640,ambient,34,wet,501,17.2,479
4,220,E. sideroxylon,4,640,ambient,34,wet,299,13.9,502
4,220,E. sideroxylon,4,640,ambient,34,wet,200,10.7,527
4,220,E. sideroxylon,4,640,ambient,34,wet,101,5.53,569
4,220,E. sideroxylon,4,640,ambient,34,wet,60,2.73,592
4,220,E. sideroxylon,4,640,ambient,34,wet,29,0.86,608
4,220,E. sideroxylon,4,640,ambient,34,wet,0,-2.02,634
3,106,E. sideroxylon,3,280,ambient,28,wet,1500,17,219
3,106,E. sideroxylon,3,280,ambient,28,wet,1199,16.2,219
3,106,E. sideroxylon,3,280,ambient,28,wet,900,15.5,220
3,106,E. sideroxylon,3,280,ambient,28,wet,699,15,220
3,106,E. sideroxylon,3,280,ambient,28,wet,499,14,223
3,106,E. sideroxylon,3,280,ambient,28,wet,300,11.7,230
3,106,E. sideroxylon,3,280,ambient,28,wet,200,9.51,237
3,106,E. sideroxylon,3,280,ambient,28,wet,100,4.7,254
3,106,E. sideroxylon,3,280,ambient,28,wet,60,2.41,262
3,106,E. sideroxylon,3,280,ambient,28,wet,30,2.79,260
3,106,E. sideroxylon,3,280,ambient,28,wet,0,-2.12,280
3,106,E. sideroxylon,3,280,ambient,34,wet,1498,15.7,202
3,106,E. sideroxylon,3,280,ambient,34,wet,1201,15.1,204
3,106,E. sideroxylon,3,280,ambient,34,wet,900,15.1,205
3,106,E. sideroxylon,3,280,ambient,34,wet,701,14.3,208
3,106,E. sideroxylon,3,280,ambient,34,wet,500,13.5,211
3,106,E. sideroxylon,3,280,ambient,34,wet,301,11.8,218
3,106,E. sideroxylon,3,280,ambient,34,wet,199,9.22,228
3,106,E. sideroxylon,3,280,ambient,34,wet,100,5.11,246
3,106,E. sideroxylon,3,280,ambient,34,wet,60,1.75,261
3,106,E. sideroxylon,3,280,ambient,34,wet,28,0.88,265
3,106,E. sideroxylon,3,280,ambient,34,wet,0,-1.33,288
6,489,E. sideroxylon,6,280,elevated,28,wet,1499,20.4,223
6,489,E. sideroxylon,6,280,elevated,28,wet,1201,19.6,222
6,489,E. sideroxylon,6,280,elevated,28,wet,899,18.1,227
6,489,E. sideroxylon,6,280,elevated,28,wet,699,17,230
6,489,E. sideroxylon,6,280,elevated,28,wet,500,14.7,235
6,489,E. sideroxylon,6,280,elevated,28,wet,301,11.3,243
6,489,E. sideroxylon,6,280,elevated,28,wet,201,8.39,251
6,489,E. sideroxylon,6,280,elevated,28,wet,99,4.01,263
6,489,E. sideroxylon,6,280,elevated,28,wet,60,1.94,269
6,489,E. sideroxylon,6,280,elevated,28,wet,30,-0.02,275
6,489,E. sideroxylon,6,280,elevated,28,wet,0,-2.48,283
6,489,E. sideroxylon,6,280,elevated,34,wet,1500,18.9,214
6,489,E. sideroxylon,6,280,elevated,34,wet,1203,18,216
6,489,E. sideroxylon,6,280,elevated,34,wet,900,17.2,219
6,489,E. sideroxylon,6,280,elevated,34,wet,700,15.6,224
6,489,E. sideroxylon,6,280,elevated,34,wet,500,13.9,229
6,489,E. sideroxylon,6,280,elevated,34,wet,300,10.4,239
6,489,E. sideroxylon,6,280,elevated,34,wet,199,7.75,246
6,489,E. sideroxylon,6,280,elevated,34,wet,100,3.68,259
6,489,E. sideroxylon,6,280,elevated,34,wet,60,1.99,265
6,489,E. sideroxylon,6,280,elevated,34,wet,30,-0.26,273
6,489,E. sideroxylon,6,280,elevated,34,wet,0,-2.75,283
6,434,E. sideroxylon,6,280,elevated,28,wet,1500,14.2,217
6,434,E. sideroxylon,6,280,elevated,28,wet,1201,13.9,217
6,434,E. sideroxylon,6,280,elevated,28,wet,901,13.4,219
6,434,E. sideroxylon,6,280,elevated,28,wet,699,12.8,219
6,434,E. sideroxylon,6,280,elevated,28,wet,500,11.7,222
6,434,E. sideroxylon,6,280,elevated,28,wet,300,9.21,231
6,434,E. sideroxylon,6,280,elevated,28,wet,200,7.03,239
6,434,E. sideroxylon,6,280,elevated,28,wet,99,3.81,253
6,434,E. sideroxylon,6,280,elevated,28,wet,60,2.22,260
6,434,E. sideroxylon,6,280,elevated,28,wet,29,0.8,267
6,434,E. sideroxylon,6,280,elevated,28,wet,-1,-1.06,285
6,434,E. sideroxylon,6,280,elevated,34,wet,1500,9.3,162
6,434,E. sideroxylon,6,280,elevated,34,wet,1201,10.3,171
6,434,E. sideroxylon,6,280,elevated,34,wet,901,10.7,178
6,434,E. sideroxylon,6,280,elevated,34,wet,700,11,185
6,434,E. sideroxylon,6,280,elevated,34,wet,500,10.5,199
6,434,E. sideroxylon,6,280,elevated,34,wet,301,8.63,218
6,434,E. sideroxylon,6,280,elevated,34,wet,200,6.37,230
6,434,E. sideroxylon,6,280,elevated,34,wet,100,3.29,246
6,434,E. sideroxylon,6,280,elevated,34,wet,60,1.73,255
6,434,E. sideroxylon,6,280,elevated,34,wet,31,0.33,267
6,434,E. sideroxylon,6,280,elevated,34,wet,-1,-1.62,287
2,34,E. sideroxylon,2,400,ambient,28,wet,1499,21.1,266
2,34,E. sideroxylon,2,400,ambient,28,wet,1202,18.1,283
2,34,E. sideroxylon,2,400,ambient,28,wet,901,19.5,272
2,34,E. sideroxylon,2,400,ambient,28,wet,699,19.3,271
2,34,E. sideroxylon,2,400,ambient,28,wet,502,18.1,277
2,34,E. sideroxylon,2,400,ambient,28,wet,301,13.2,308
2,34,E. sideroxylon,2,400,ambient,28,wet,198,10.4,319
2,34,E. sideroxylon,2,400,ambient,28,wet,102,3.97,362
2,34,E. sideroxylon,2,400,ambient,28,wet,60,1.57,379
2,34,E. sideroxylon,2,400,ambient,28,wet,30,-0.78,399
2,34,E. sideroxylon,2,400,ambient,28,wet,3,-1.26,402
2,34,E. sideroxylon,2,400,ambient,34,wet,1498,18.7,259
2,34,E. sideroxylon,2,400,ambient,34,wet,1202,17.4,267
2,34,E. sideroxylon,2,400,ambient,34,wet,901,16.8,266
2,34,E. sideroxylon,2,400,ambient,34,wet,698,17.7,264
2,34,E. sideroxylon,2,400,ambient,34,wet,499,16.6,270
2,34,E. sideroxylon,2,400,ambient,34,wet,302,10.5,314
2,34,E. sideroxylon,2,400,ambient,34,wet,201,7.51,335
2,34,E. sideroxylon,2,400,ambient,34,wet,99,1.35,379
2,34,E. sideroxylon,2,400,ambient,34,wet,62,-0.19,390
2,34,E. sideroxylon,2,400,ambient,34,wet,29,-0.24,390
2,34,E. sideroxylon,2,400,ambient,34,wet,3,-2.62,409
2,33,E. sideroxylon,2,400,ambient,34,wet,1500,18.8,275
2,33,E. sideroxylon,2,400,ambient,34,wet,1200,19.6,271
2,33,E. sideroxylon,2,400,ambient,34,wet,900,18.4,277
2,33,E. sideroxylon,2,400,ambient,34,wet,699,16.7,288
2,33,E. sideroxylon,2,400,ambient,34,wet,501,15.6,296
2,33,E. sideroxylon,2,400,ambient,34,wet,300,11.7,316
2,33,E. sideroxylon,2,400,ambient,34,wet,199,7.89,341
2,33,E. sideroxylon,2,400,ambient,34,wet,98,3.49,367
2,33,E. sideroxylon,2,400,ambient,34,wet,61,0.57,387
2,33,E. sideroxylon,2,400,ambient,34,wet,28,-0.97,396
2,33,E. sideroxylon,2,400,ambient,34,wet,3,-3.94,415
2,33,E. sideroxylon,2,400,ambient,28,wet,1502,19.2,265
2,33,E. sideroxylon,2,400,ambient,28,wet,1199,18.1,289
2,33,E. sideroxylon,2,400,ambient,28,wet,901,18.5,288
2,33,E. sideroxylon,2,400,ambient,28,wet,701,18.2,293
2,33,E. sideroxylon,2,400,ambient,28,wet,500,16.2,298
2,33,E. sideroxylon,2,400,ambient,28,wet,300,15.3,310
2,33,E. sideroxylon,2,400,ambient,28,wet,198,9.66,340
2,33,E. sideroxylon,2,400,ambient,28,wet,102,5.24,362
2,33,E. sideroxylon,2,400,ambient,28,wet,60,2.26,378
2,33,E. sideroxylon,2,400,ambient,28,wet,30,0.76,388
2,33,E. sideroxylon,2,400,ambient,28,wet,3,-1.74,407
2,4,E. sideroxylon,2,400,ambient,28,wet,1501,28,290
2,4,E. sideroxylon,2,400,ambient,28,wet,1198,26.7,291
2,4,E. sideroxylon,2,400,ambient,28,wet,899,26.3,290
2,4,E. sideroxylon,2,400,ambient,28,wet,700,26.6,286
2,4,E. sideroxylon,2,400,ambient,28,wet,500,23.3,296
2,4,E. sideroxylon,2,400,ambient,28,wet,300,16.4,320
2,4,E. sideroxylon,2,400,ambient,28,wet,200,11.8,340
2,4,E. sideroxylon,2,400,ambient,28,wet,101,4.97,369
2,4,E. sideroxylon,2,400,ambient,28,wet,59,2.92,377
2,4,E. sideroxylon,2,400,ambient,28,wet,29,0.5,389
2,4,E. sideroxylon,2,400,ambient,28,wet,4,-2.37,405
2,4,E. sideroxylon,2,400,ambient,34,wet,1500,25.6,257
2,4,E. sideroxylon,2,400,ambient,34,wet,1201,25.4,260
2,4,E. sideroxylon,2,400,ambient,34,wet,900,24.6,262
2,4,E. sideroxylon,2,400,ambient,34,wet,700,24.3,267
2,4,E. sideroxylon,2,400,ambient,34,wet,500,21.3,280
2,4,E. sideroxylon,2,400,ambient,34,wet,298,14.5,313
2,4,E. sideroxylon,2,400,ambient,34,wet,200,9.36,339
2,4,E. sideroxylon,2,400,ambient,34,wet,101,3.86,366
2,4,E. sideroxylon,2,400,ambient,34,wet,59,1.24,381
2,4,E. sideroxylon,2,400,ambient,34,wet,29,-0.95,394
2,4,E. sideroxylon,2,400,ambient,34,wet,3,-2.01,403
5,330,E. sideroxylon,5,400,elevated,28,wet,1501,15.3,331
5,330,E. sideroxylon,5,400,elevated,28,wet,1201,15,327
5,330,E. sideroxylon,5,400,elevated,28,wet,899,15,324
5,330,E. sideroxylon,5,400,elevated,28,wet,701,13.7,325
5,330,E. sideroxylon,5,400,elevated,28,wet,499,13.6,322
5,330,E. sideroxylon,5,400,elevated,28,wet,299,12,330
5,330,E. sideroxylon,5,400,elevated,28,wet,200,9.56,341
5,330,E. sideroxylon,5,400,elevated,28,wet,101,4.16,368
5,330,E. sideroxylon,5,400,elevated,28,wet,59,3.18,373
5,330,E. sideroxylon,5,400,elevated,28,wet,29,1.04,384
5,330,E. sideroxylon,5,400,elevated,28,wet,3,-0.86,398
5,330,E. sideroxylon,5,400,elevated,34,wet,1499,17.9,295
5,330,E. sideroxylon,5,400,elevated,34,wet,1199,16.7,306
5,330,E. sideroxylon,5,400,elevated,34,wet,898,16.3,309
5,330,E. sideroxylon,5,400,elevated,34,wet,699,16.1,313
5,330,E. sideroxylon,5,400,elevated,34,wet,499,13.6,324
5,330,E. sideroxylon,5,400,elevated,34,wet,298,10.9,335
5,330,E. sideroxylon,5,400,elevated,34,wet,201,9.66,341
5,330,E. sideroxylon,5,400,elevated,34,wet,99,5.72,357
5,330,E. sideroxylon,5,400,elevated,34,wet,61,2.56,373
5,330,E. sideroxylon,5,400,elevated,34,wet,28,-0.81,393
5,330,E. sideroxylon,5,400,elevated,34,wet,3,-1.63,400
5,314,E. sideroxylon,5,400,elevated,28,wet,1501,25.2,312
5,314,E. sideroxylon,5,400,elevated,28,wet,1202,24.6,315
5,314,E. sideroxylon,5,400,elevated,28,wet,901,22.7,318
5,314,E. sideroxylon,5,400,elevated,28,wet,700,20.3,322
5,314,E. sideroxylon,5,400,elevated,28,wet,501,18.9,323
5,314,E. sideroxylon,5,400,elevated,28,wet,299,13.5,341
5,314,E. sideroxylon,5,400,elevated,28,wet,202,9,356
5,314,E. sideroxylon,5,400,elevated,28,wet,99,3.64,377
5,314,E. sideroxylon,5,400,elevated,28,wet,62,1.29,387
5,314,E. sideroxylon,5,400,elevated,28,wet,28,0.05,393
5,314,E. sideroxylon,5,400,elevated,28,wet,3,-1.18,399
5,314,E. sideroxylon,5,400,elevated,34,wet,1502,23.2,280
5,314,E. sideroxylon,5,400,elevated,34,wet,1202,21.8,286
5,314,E. sideroxylon,5,400,elevated,34,wet,901,21.2,290
5,314,E. sideroxylon,5,400,elevated,34,wet,701,19.9,294
5,314,E. sideroxylon,5,400,elevated,34,wet,501,17.2,303
5,314,E. sideroxylon,5,400,elevated,34,wet,300,12,326
5,314,E. sideroxylon,5,400,elevated,34,wet,202,7.51,347
5,314,E. sideroxylon,5,400,elevated,34,wet,99,3.69,367
5,314,E. sideroxylon,5,400,elevated,34,wet,58,1.64,376
5,314,E. sideroxylon,5,400,elevated,34,wet,29,-0.97,393
5,314,E. sideroxylon,5,400,elevated,34,wet,3,-1.77,400
5,317,E. sideroxylon,5,400,elevated,28,wet,1500,17.2,318
5,317,E. sideroxylon,5,400,elevated,28,wet,1200,18,312
5,317,E. sideroxylon,5,400,elevated,28,wet,899,17.9,317
5,317,E. sideroxylon,5,400,elevated,28,wet,699,17.8,323
5,317,E. sideroxylon,5,400,elevated,28,wet,499,15.2,336
5,317,E. sideroxylon,5,400,elevated,28,wet,301,13.5,343
5,317,E. sideroxylon,5,400,elevated,28,wet,199,11,352
5,317,E. sideroxylon,5,400,elevated,28,wet,100,5.09,371
5,317,E. sideroxylon,5,400,elevated,28,wet,58,3.27,378
5,317,E. sideroxylon,5,400,elevated,28,wet,29,-0.05,390
5,317,E. sideroxylon,5,400,elevated,28,wet,3,-1.52,394
5,317,E. sideroxylon,5,400,elevated,34,wet,1499,20.2,305
5,317,E. sideroxylon,5,400,elevated,34,wet,1200,19.9,313
5,317,E. sideroxylon,5,400,elevated,34,wet,900,21.1,311
5,317,E. sideroxylon,5,400,elevated,34,wet,701,18.7,321
5,317,E. sideroxylon,5,400,elevated,34,wet,501,15.8,331
5,317,E. sideroxylon,5,400,elevated,34,wet,302,13.9,337
5,317,E. sideroxylon,5,400,elevated,34,wet,200,11.7,344
5,317,E. sideroxylon,5,400,elevated,34,wet,100,2.77,376
5,317,E. sideroxylon,5,400,elevated,34,wet,59,1.65,380
5,317,E. sideroxylon,5,400,elevated,34,wet,29,-1.84,395
5,317,E. sideroxylon,5,400,elevated,34,wet,3,-2.49,398
5,350,E. sideroxylon,5,400,elevated,28,wet,1500,17.8,297
5,350,E. sideroxylon,5,400,elevated,28,wet,1198,17.3,293
5,350,E. sideroxylon,5,400,elevated,28,wet,902,19,289
5,350,E. sideroxylon,5,400,elevated,28,wet,701,16.9,308
5,350,E. sideroxylon,5,400,elevated,28,wet,500,16.1,316
5,350,E. sideroxylon,5,400,elevated,28,wet,300,13.7,329
5,350,E. sideroxylon,5,400,elevated,28,wet,201,10.1,344
5,350,E. sideroxylon,5,400,elevated,28,wet,101,5.3,365
5,350,E. sideroxylon,5,400,elevated,28,wet,59,0.56,387
5,350,E. sideroxylon,5,400,elevated,28,wet,29,2.08,380
5,350,E. sideroxylon,5,400,elevated,28,wet,3,-2.05,399
5,350,E. sideroxylon,5,400,elevated,34,wet,1501,17.3,276
5,350,E. sideroxylon,5,400,elevated,34,wet,1199,18.7,274
5,350,E. sideroxylon,5,400,elevated,34,wet,901,18.5,278
5,350,E. sideroxylon,5,400,elevated,34,wet,701,14.9,299
5,350,E. sideroxylon,5,400,elevated,34,wet,502,14.6,302
5,350,E. sideroxylon,5,400,elevated,34,wet,299,11.2,320
5,350,E. sideroxylon,5,400,elevated,34,wet,201,8.12,334
5,350,E. sideroxylon,5,400,elevated,34,wet,99,3.43,360
5,350,E. sideroxylon,5,400,elevated,34,wet,61,0.68,377
5,350,E. sideroxylon,5,400,elevated,34,wet,28,-1.48,397
5,350,E. sideroxylon,5,400,elevated,34,wet,3,-5.39,432
5,326,E. sideroxylon,5,400,elevated,28,wet,1498,22.1,307
5,326,E. sideroxylon,5,400,elevated,28,wet,1199,23.7,301
5,326,E. sideroxylon,5,400,elevated,28,wet,899,20.9,311
5,326,E. sideroxylon,5,400,elevated,28,wet,699,21.1,310
5,326,E. sideroxylon,5,400,elevated,28,wet,502,18.9,319
5,326,E. sideroxylon,5,400,elevated,28,wet,301,15.9,329
5,326,E. sideroxylon,5,400,elevated,28,wet,199,12.5,342
5,326,E. sideroxylon,5,400,elevated,28,wet,102,6.82,363
5,326,E. sideroxylon,5,400,elevated,28,wet,60,3.47,376
5,326,E. sideroxylon,5,400,elevated,28,wet,29,0.27,390
5,326,E. sideroxylon,5,400,elevated,28,wet,3,-1.03,395
5,326,E. sideroxylon,5,400,elevated,34,wet,1499,22.9,269
5,326,E. sideroxylon,5,400,elevated,34,wet,1199,23.2,268
5,326,E. sideroxylon,5,400,elevated,34,wet,901,21.8,278
5,326,E. sideroxylon,5,400,elevated,34,wet,702,20.4,288
5,326,E. sideroxylon,5,400,elevated,34,wet,498,18.6,299
5,326,E. sideroxylon,5,400,elevated,34,wet,298,15.7,312
5,326,E. sideroxylon,5,400,elevated,34,wet,200,12.1,327
5,326,E. sideroxylon,5,400,elevated,34,wet,100,6.66,348
5,326,E. sideroxylon,5,400,elevated,34,wet,60,2.7,366
5,326,E. sideroxylon,5,400,elevated,34,wet,31,1.78,370
5,326,E. sideroxylon,5,400,elevated,34,wet,3,-1.87,393
7,554,E. sideroxylon,7,640,elevated,28,wet,1498,22.7,382
7,554,E. sideroxylon,7,640,elevated,28,wet,1201,20.6,408
7,554,E. sideroxylon,7,640,elevated,28,wet,901,21.8,409
7,554,E. sideroxylon,7,640,elevated,28,wet,700,20.5,434
7,554,E. sideroxylon,7,640,elevated,28,wet,501,18.9,456
7,554,E. sideroxylon,7,640,elevated,28,wet,299,17,450
7,554,E. sideroxylon,7,640,elevated,28,wet,201,11.6,488
7,554,E. sideroxylon,7,640,elevated,28,wet,99,7.02,531
7,554,E. sideroxylon,7,640,elevated,28,wet,61,3.33,566
7,554,E. sideroxylon,7,640,elevated,28,wet,28,1.98,583
7,554,E. sideroxylon,7,640,elevated,28,wet,3,-0.65,637
7,554,E. sideroxylon,7,640,elevated,34,wet,1500,19.3,396
7,554,E. sideroxylon,7,640,elevated,34,wet,1199,21.4,400
7,554,E. sideroxylon,7,640,elevated,34,wet,900,19.5,429
7,554,E. sideroxylon,7,640,elevated,34,wet,702,20.3,427
7,554,E. sideroxylon,7,640,elevated,34,wet,498,17.6,451
7,554,E. sideroxylon,7,640,elevated,34,wet,302,14.1,476
7,554,E. sideroxylon,7,640,elevated,34,wet,200,11.9,477
7,554,E. sideroxylon,7,640,elevated,34,wet,98,3.19,572
7,554,E. sideroxylon,7,640,elevated,34,wet,61,2.51,570
7,554,E. sideroxylon,7,640,elevated,34,wet,28,-2.61,669
7,554,E. sideroxylon,7,640,elevated,34,wet,3,-3.98,719
7,559,E. sideroxylon,7,640,elevated,28,wet,1499,25.2,521
7,559,E. sideroxylon,7,640,elevated,28,wet,1199,25.3,514
7,559,E. sideroxylon,7,640,elevated,28,wet,903,25.3,511
7,559,E. sideroxylon,7,640,elevated,28,wet,701,23,519
7,559,E. sideroxylon,7,640,elevated,28,wet,502,20.6,528
7,559,E. sideroxylon,7,640,elevated,28,wet,302,17.7,542
7,559,E. sideroxylon,7,640,elevated,28,wet,200,12.2,566
7,559,E. sideroxylon,7,640,elevated,28,wet,101,5.05,604
7,559,E. sideroxylon,7,640,elevated,28,wet,59,2.6,615
7,559,E. sideroxylon,7,640,elevated,28,wet,29,-0.49,632
7,559,E. sideroxylon,7,640,elevated,28,wet,3,-1.34,635
7,567,E. sideroxylon,7,640,elevated,34,wet,1501,24.9,486
7,567,E. sideroxylon,7,640,elevated,34,wet,1200,23.3,493
7,567,E. sideroxylon,7,640,elevated,34,wet,898,23,492
7,567,E. sideroxylon,7,640,elevated,34,wet,699,22.2,494
7,567,E. sideroxylon,7,640,elevated,34,wet,498,20.1,505
7,567,E. sideroxylon,7,640,elevated,34,wet,298,14.9,530
7,567,E. sideroxylon,7,640,elevated,34,wet,200,10,557
7,567,E. sideroxylon,7,640,elevated,34,wet,101,3.89,595
7,567,E. sideroxylon,7,640,elevated,34,wet,59,1.19,612
7,567,E. sideroxylon,7,640,elevated,34,wet,29,-0.38,624
7,567,E. sideroxylon,7,640,elevated,34,wet,3,-1.56,632
4,219,E. sideroxylon,4,640,ambient,34,wet,1503,29.6,463
4,219,E. sideroxylon,4,640,ambient,34,wet,1199,29.2,459
4,219,E. sideroxylon,4,640,ambient,34,wet,900,25.6,474
4,219,E. sideroxylon,4,640,ambient,34,wet,701,23.9,476
4,219,E. sideroxylon,4,640,ambient,34,wet,499,20.8,481
4,219,E. sideroxylon,4,640,ambient,34,wet,299,15.6,508
4,219,E. sideroxylon,4,640,ambient,34,wet,200,10,542
4,219,E. sideroxylon,4,640,ambient,34,wet,101,4.22,584
4,219,E. sideroxylon,4,640,ambient,34,wet,59,1.23,609
4,219,E. sideroxylon,4,640,ambient,34,wet,29,0.3,618
4,219,E. sideroxylon,4,640,ambient,34,wet,3,-2.42,644
4,219,E. sideroxylon,4,640,ambient,28,wet,1499,25.9,400
4,219,E. sideroxylon,4,640,ambient,28,wet,1200,24.5,412
4,219,E. sideroxylon,4,640,ambient,28,wet,900,22.4,429
4,219,E. sideroxylon,4,640,ambient,28,wet,702,21.4,433
4,219,E. sideroxylon,4,640,ambient,28,wet,501,19.5,449
4,219,E. sideroxylon,4,640,ambient,28,wet,300,14,494
4,219,E. sideroxylon,4,640,ambient,28,wet,198,10.4,524
4,219,E. sideroxylon,4,640,ambient,28,wet,101,4.83,576
4,219,E. sideroxylon,4,640,ambient,28,wet,59,2.18,601
4,219,E. sideroxylon,4,640,ambient,28,wet,29,-0.22,627
4,219,E. sideroxylon,4,640,ambient,28,wet,3,-1.87,647
4,281,E. sideroxylon,4,640,ambient,28,wet,1499,23.4,531
4,281,E. sideroxylon,4,640,ambient,28,wet,1199,22.5,531
4,281,E. sideroxylon,4,640,ambient,28,wet,899,21.7,531
4,281,E. sideroxylon,4,640,ambient,28,wet,701,21.1,529
4,281,E. sideroxylon,4,640,ambient,28,wet,502,19.7,533
4,281,E. sideroxylon,4,640,ambient,28,wet,302,15.4,550
4,281,E. sideroxylon,4,640,ambient,28,wet,199,12.1,564
4,281,E. sideroxylon,4,640,ambient,28,wet,102,6.17,594
4,281,E. sideroxylon,4,640,ambient,28,wet,59,3.91,605
4,281,E. sideroxylon,4,640,ambient,28,wet,29,-0.2,627
4,281,E. sideroxylon,4,640,ambient,28,wet,3,-1.38,634
4,281,E. sideroxylon,4,640,ambient,34,wet,1499,22.2,511
4,281,E. sideroxylon,4,640,ambient,34,wet,1201,22.5,507
4,281,E. sideroxylon,4,640,ambient,34,wet,901,21.9,509
4,281,E. sideroxylon,4,640,ambient,34,wet,700,20.6,515
4,281,E. sideroxylon,4,640,ambient,34,wet,501,17,533
4,281,E. sideroxylon,4,640,ambient,34,wet,301,13.5,549
4,281,E. sideroxylon,4,640,ambient,34,wet,198,12.1,559
4,281,E. sideroxylon,4,640,ambient,34,wet,101,4.46,599
4,281,E. sideroxylon,4,640,ambient,34,wet,59,1.74,613
4,281,E. sideroxylon,4,640,ambient,34,wet,29,-0.25,625
4,281,E. sideroxylon,4,640,ambient,34,wet,3,-4.48,649
3,122,E. sideroxylon,3,280,ambient,28,wet,1499,16.7,205
3,122,E. sideroxylon,3,280,ambient,28,wet,1201,16.1,213
3,122,E. sideroxylon,3,280,ambient,28,wet,901,16.1,215
3,122,E. sideroxylon,3,280,ambient,28,wet,702,14.7,219
3,122,E. sideroxylon,3,280,ambient,28,wet,500,13.3,224
3,122,E. sideroxylon,3,280,ambient,28,wet,300,10.9,232
3,122,E. sideroxylon,3,280,ambient,28,wet,201,8.09,241
3,122,E. sideroxylon,3,280,ambient,28,wet,102,3.7,258
3,122,E. sideroxylon,3,280,ambient,28,wet,60,2.18,263
3,122,E. sideroxylon,3,280,ambient,28,wet,29,-0.04,274
3,122,E. sideroxylon,3,280,ambient,28,wet,3,-2.14,289
3,122,E. sideroxylon,3,280,ambient,34,wet,1498,15.3,201
3,122,E. sideroxylon,3,280,ambient,34,wet,1199,14.5,208
3,122,E. sideroxylon,3,280,ambient,34,wet,898,13.9,211
3,122,E. sideroxylon,3,280,ambient,34,wet,698,13.5,212
3,122,E. sideroxylon,3,280,ambient,34,wet,501,12.2,216
3,122,E. sideroxylon,3,280,ambient,34,wet,300,9.93,225
3,122,E. sideroxylon,3,280,ambient,34,wet,200,6.75,238
3,122,E. sideroxylon,3,280,ambient,34,wet,100,3.04,255
3,122,E. sideroxylon,3,280,ambient,34,wet,59,1.18,264
3,122,E. sideroxylon,3,280,ambient,34,wet,29,-0.68,276
3,122,E. sideroxylon,3,280,ambient,34,wet,3,-2.36,288
6,420,E. sideroxylon,6,280,elevated,28,wet,1498,7.79,214
6,420,E. sideroxylon,6,280,elevated,28,wet,1200,7.87,205
6,420,E. sideroxylon,6,280,elevated,28,wet,897,7.72,204
6,420,E. sideroxylon,6,280,elevated,28,wet,700,7.17,208
6,420,E. sideroxylon,6,280,elevated,28,wet,502,6.26,217
6,420,E. sideroxylon,6,280,elevated,28,wet,300,5.71,225
6,420,E. sideroxylon,6,280,elevated,28,wet,200,3.97,238
6,420,E. sideroxylon,6,280,elevated,28,wet,101,2.27,252
6,420,E. sideroxylon,6,280,elevated,28,wet,59,0.84,265
6,420,E. sideroxylon,6,280,elevated,28,wet,29,0.13,271
6,420,E. sideroxylon,6,280,elevated,28,wet,3,-0.52,280
6,420,E. sideroxylon,6,280,elevated,34,wet,1499,7.11,191
6,420,E. sideroxylon,6,280,elevated,34,wet,1199,7.61,194
6,420,E. sideroxylon,6,280,elevated,34,wet,902,8.05,198
6,420,E. sideroxylon,6,280,elevated,34,wet,701,7.14,209
6,420,E. sideroxylon,6,280,elevated,34,wet,500,7.08,211
6,420,E. sideroxylon,6,280,elevated,34,wet,300,5.01,226
6,420,E. sideroxylon,6,280,elevated,34,wet,199,4.21,228
6,420,E. sideroxylon,6,280,elevated,34,wet,101,1.86,249
6,420,E. sideroxylon,6,280,elevated,34,wet,59,0.55,263
6,420,E. sideroxylon,6,280,elevated,34,wet,29,-0.46,280
6,420,E. sideroxylon,6,280,elevated,34,wet,3,-1.79,309
7,521,E. saligna,7,640,elevated,28,wet,1501,12.1,443
7,521,E. saligna,7,640,elevated,28,wet,1201,10.1,482
7,521,E. saligna,7,640,elevated,28,wet,900,9.68,494
7,521,E. saligna,7,640,elevated,28,wet,700,8.82,512
7,521,E. saligna,7,640,elevated,28,wet,500,8.3,521
7,521,E. saligna,7,640,elevated,28,wet,300,8.8,516
7,521,E. saligna,7,640,elevated,28,wet,200,5.46,554
7,521,E. saligna,7,640,elevated,28,wet,100,4.45,563
7,521,E. saligna,7,640,elevated,28,wet,61,2.62,583
7,521,E. saligna,7,640,elevated,28,wet,30,1.3,601
7,521,E. saligna,7,640,elevated,28,wet,0,-0.45,630
7,521,E. saligna,7,640,elevated,34,wet,1501,13.4,452
7,521,E. saligna,7,640,elevated,34,wet,1200,12.9,470
7,521,E. saligna,7,640,elevated,34,wet,900,12.3,484
7,521,E. saligna,7,640,elevated,34,wet,701,11.7,494
7,521,E. saligna,7,640,elevated,34,wet,501,10.7,505
7,521,E. saligna,7,640,elevated,34,wet,300,8.57,526
7,521,E. saligna,7,640,elevated,34,wet,200,6.64,545
7,521,E. saligna,7,640,elevated,34,wet,101,4.21,568
7,521,E. saligna,7,640,elevated,34,wet,59,2.34,586
7,521,E. saligna,7,640,elevated,34,wet,30,0.69,606
7,521,E. saligna,7,640,elevated,34,wet,0,-1.01,632
7,585,E. saligna,7,640,elevated,28,wet,1500,10.8,535
7,585,E. saligna,7,640,elevated,28,wet,1200,10,541
7,585,E. saligna,7,640,elevated,28,wet,900,9.08,547
7,585,E. saligna,7,640,elevated,28,wet,699,8.54,549
7,585,E. saligna,7,640,elevated,28,wet,500,7.57,555
7,585,E. saligna,7,640,elevated,28,wet,301,5.69,570
7,585,E. saligna,7,640,elevated,28,wet,200,5.17,569
7,585,E. saligna,7,640,elevated,28,wet,101,2.75,593
7,585,E. saligna,7,640,elevated,28,wet,60,1.38,607
7,585,E. saligna,7,640,elevated,28,wet,30,0.5,618
7,585,E. saligna,7,640,elevated,28,wet,0,-0.69,635
7,585,E. saligna,7,640,elevated,34,wet,1500,-1.2,756
7,585,E. saligna,7,640,elevated,28,wet,1417,-7.74,598
7,585,E. saligna,7,640,elevated,34,wet,1500,11,466
7,585,E. saligna,7,640,elevated,34,wet,1200,10.6,484
7,585,E. saligna,7,640,elevated,34,wet,899,10.2,494
7,585,E. saligna,7,640,elevated,34,wet,701,9.47,512
7,585,E. saligna,7,640,elevated,34,wet,499,9.2,516
7,585,E. saligna,7,640,elevated,34,wet,300,7.38,536
7,585,E. saligna,7,640,elevated,34,wet,200,5.11,559
7,585,E. saligna,7,640,elevated,34,wet,101,3.05,581
7,585,E. saligna,7,640,elevated,34,wet,60,1.62,598
7,585,E. saligna,7,640,elevated,34,wet,30,0.3,615
7,585,E. saligna,7,640,elevated,34,wet,0,-0.92,632
6,468,E. saligna,6,280,elevated,28,wet,1500,7.79,175
6,468,E. saligna,6,280,elevated,28,wet,1202,8.21,175
6,468,E. saligna,6,280,elevated,28,wet,901,7.94,180
6,468,E. saligna,6,280,elevated,28,wet,700,7.9,182
6,468,E. saligna,6,280,elevated,28,wet,500,7.51,188
6,468,E. saligna,6,280,elevated,28,wet,300,6.44,199
6,468,E. saligna,6,280,elevated,28,wet,200,5.58,207
6,468,E. saligna,6,280,elevated,28,wet,101,3.59,228
6,468,E. saligna,6,280,elevated,28,wet,59,2.14,244
6,468,E. saligna,6,280,elevated,28,wet,30,0.87,261
6,468,E. saligna,6,280,elevated,28,wet,0,-0.48,281
6,468,E. saligna,6,280,elevated,34,wet,1500,6.75,168
6,468,E. saligna,6,280,elevated,34,wet,1200,7.45,176
6,468,E. saligna,6,280,elevated,34,wet,901,7.29,188
6,468,E. saligna,6,280,elevated,34,wet,700,7.72,190
6,468,E. saligna,6,280,elevated,34,wet,501,7.46,194
6,468,E. saligna,6,280,elevated,34,wet,300,6.37,204
6,468,E. saligna,6,280,elevated,34,wet,200,5.41,211
6,468,E. saligna,6,280,elevated,34,wet,101,3.04,234
6,468,E. saligna,6,280,elevated,34,wet,60,1.8,247
6,468,E. saligna,6,280,elevated,34,wet,30,0.68,261
6,468,E. saligna,6,280,elevated,34,wet,0,-0.66,280
6,445,E. saligna,6,280,elevated,28,wet,1499,10.9,198
6,445,E. saligna,6,280,elevated,28,wet,1201,10.7,199
6,445,E. saligna,6,280,elevated,28,wet,900,10.4,201
6,445,E. saligna,6,280,elevated,28,wet,700,9.86,205
6,445,E. saligna,6,280,elevated,28,wet,501,9.25,211
6,445,E. saligna,6,280,elevated,28,wet,300,7.83,221
6,445,E. saligna,6,280,elevated,28,wet,200,6.11,231
6,445,E. saligna,6,280,elevated,28,wet,100,3.52,249
6,445,E. saligna,6,280,elevated,28,wet,61,1.96,260
6,445,E. saligna,6,280,elevated,28,wet,30,0.65,270
6,445,E. saligna,6,280,elevated,28,wet,0,-0.78,281
6,445,E. saligna,6,280,elevated,34,wet,1500,10,192
6,445,E. saligna,6,280,elevated,34,wet,1200,9.75,192
6,445,E. saligna,6,280,elevated,34,wet,899,10.3,190
6,445,E. saligna,6,280,elevated,34,wet,701,9.1,201
6,445,E. saligna,6,280,elevated,34,wet,500,8.89,204
6,445,E. saligna,6,280,elevated,34,wet,301,6.66,224
6,445,E. saligna,6,280,elevated,34,wet,201,6.02,229
6,445,E. saligna,6,280,elevated,34,wet,100,3.11,249
6,445,E. saligna,6,280,elevated,34,wet,61,1.71,258
6,445,E. saligna,6,280,elevated,34,wet,30,-0.02,271
6,445,E. saligna,6,280,elevated,34,wet,0,-1.26,281
5,379,E. saligna,5,400,elevated,28,wet,1500,12.2,297
5,379,E. saligna,5,400,elevated,28,wet,1201,11.8,298
5,379,E. saligna,5,400,elevated,28,wet,900,11.3,303
5,379,E. saligna,5,400,elevated,28,wet,701,11,306
5,379,E. saligna,5,400,elevated,28,wet,501,10.1,313
5,379,E. saligna,5,400,elevated,28,wet,299,8.39,324
5,379,E. saligna,5,400,elevated,28,wet,199,7.04,331
5,379,E. saligna,5,400,elevated,28,wet,100,4.28,352
5,379,E. saligna,5,400,elevated,28,wet,59,2.74,364
5,379,E. saligna,5,400,elevated,28,wet,30,1.11,380
5,379,E. saligna,5,400,elevated,28,wet,0,-0.48,396
5,379,E. saligna,5,400,elevated,34,wet,1500,10.5,287
5,379,E. saligna,5,400,elevated,34,wet,1201,10.2,288
5,379,E. saligna,5,400,elevated,34,wet,900,9.89,288
5,379,E. saligna,5,400,elevated,34,wet,701,9.37,291
5,379,E. saligna,5,400,elevated,34,wet,501,8.75,294
5,379,E. saligna,5,400,elevated,34,wet,299,7.19,306
5,379,E. saligna,5,400,elevated,34,wet,200,5.99,314
5,379,E. saligna,5,400,elevated,34,wet,101,3.42,341
5,379,E. saligna,5,400,elevated,34,wet,61,2.02,356
5,379,E. saligna,5,400,elevated,34,wet,29,0.61,375
5,379,E. saligna,5,400,elevated,34,wet,0,-0.91,399
4,256,E. saligna,4,640,ambient,28,wet,1501,21.7,508
4,256,E. saligna,4,640,ambient,28,wet,1201,20.8,512
4,256,E. saligna,4,640,ambient,28,wet,901,19.1,519
4,256,E. saligna,4,640,ambient,28,wet,701,18,523
4,256,E. saligna,4,640,ambient,28,wet,500,15.6,531
4,256,E. saligna,4,640,ambient,28,wet,300,11.7,552
4,256,E. saligna,4,640,ambient,28,wet,200,9.79,562
4,256,E. saligna,4,640,ambient,28,wet,101,4.86,592
4,256,E. saligna,4,640,ambient,28,wet,60,2.68,606
4,256,E. saligna,4,640,ambient,28,wet,30,-0.08,626
4,256,E. saligna,4,640,ambient,28,wet,0,-1.52,637
4,256,E. saligna,4,640,ambient,34,wet,1500,18.9,472
4,256,E. saligna,4,640,ambient,34,wet,1200,18.5,473
4,256,E. saligna,4,640,ambient,34,wet,899,18.7,468
4,256,E. saligna,4,640,ambient,34,wet,700,16.9,478
4,256,E. saligna,4,640,ambient,34,wet,500,15.3,487
4,256,E. saligna,4,640,ambient,34,wet,300,11.9,511
4,256,E. saligna,4,640,ambient,34,wet,200,8.84,534
4,256,E. saligna,4,640,ambient,34,wet,100,4.25,577
4,256,E. saligna,4,640,ambient,34,wet,59,2.19,597
4,256,E. saligna,4,640,ambient,34,wet,30,0.03,619
4,256,E. saligna,4,640,ambient,34,wet,0,-2.01,642
4,271,E. saligna,4,640,ambient,28,wet,1500,17.5,534
4,271,E. saligna,4,640,ambient,28,wet,1200,16.9,536
4,271,E. saligna,4,640,ambient,28,wet,899,16.4,535
4,271,E. saligna,4,640,ambient,28,wet,699,15.7,537
4,271,E. saligna,4,640,ambient,28,wet,500,14.6,541
4,271,E. saligna,4,640,ambient,28,wet,299,12.1,553
4,271,E. saligna,4,640,ambient,28,wet,200,9.23,567
4,271,E. saligna,4,640,ambient,28,wet,101,5.02,593
4,271,E. saligna,4,640,ambient,28,wet,60,2.74,608
4,271,E. saligna,4,640,ambient,28,wet,31,0.82,621
4,271,E. saligna,4,640,ambient,28,wet,0,-0.31,629
4,271,E. saligna,4,640,ambient,34,wet,1499,19.2,456
4,271,E. saligna,4,640,ambient,34,wet,1200,18.2,456
4,271,E. saligna,4,640,ambient,34,wet,900,17.8,454
4,271,E. saligna,4,640,ambient,34,wet,700,16.5,460
4,271,E. saligna,4,640,ambient,34,wet,500,13.5,481
4,271,E. saligna,4,640,ambient,34,wet,300,8.83,522
4,271,E. saligna,4,640,ambient,34,wet,199,9.38,510
4,271,E. saligna,4,640,ambient,34,wet,100,3.52,575
4,271,E. saligna,4,640,ambient,34,wet,60,1.49,598
4,271,E. saligna,4,640,ambient,34,wet,31,-0.04,617
4,271,E. saligna,4,640,ambient,34,wet,0,-2.11,644
3,155,E. saligna,3,280,ambient,28,wet,1500,10,194
3,155,E. saligna,3,280,ambient,28,wet,1200,10.3,189
3,155,E. saligna,3,280,ambient,28,wet,900,9.3,190
3,155,E. saligna,3,280,ambient,28,wet,700,8.82,191
3,155,E. saligna,3,280,ambient,28,wet,500,8.2,193
3,155,E. saligna,3,280,ambient,28,wet,300,6.17,209
3,155,E. saligna,3,280,ambient,28,wet,201,5.32,214
3,155,E. saligna,3,280,ambient,28,wet,100,3.21,233
3,155,E. saligna,3,280,ambient,28,wet,60,1.49,252
3,155,E. saligna,3,280,ambient,28,wet,31,0.53,264
3,155,E. saligna,3,280,ambient,28,wet,0,-1.54,293
3,155,E. saligna,3,280,ambient,34,wet,1501,5.91,154
3,155,E. saligna,3,280,ambient,34,wet,1199,7.69,125
3,155,E. saligna,3,280,ambient,34,wet,900,5.31,171
3,155,E. saligna,3,280,ambient,34,wet,701,5.39,170
3,155,E. saligna,3,280,ambient,34,wet,501,5.21,169
3,155,E. saligna,3,280,ambient,34,wet,300,4.44,179
3,155,E. saligna,3,280,ambient,34,wet,200,3.55,191
3,155,E. saligna,3,280,ambient,34,wet,100,1.97,222
3,155,E. saligna,3,280,ambient,34,wet,60,0.91,244
3,155,E. saligna,3,280,ambient,34,wet,31,0,266
3,155,E. saligna,3,280,ambient,34,wet,0,-1.7,309
3,159,E. saligna,3,280,ambient,28,wet,1500,10.9,209
3,159,E. saligna,3,280,ambient,28,wet,1199,10.1,202
3,159,E. saligna,3,280,ambient,28,wet,899,9.58,199
3,159,E. saligna,3,280,ambient,28,wet,700,8.92,198
3,159,E. saligna,3,280,ambient,28,wet,500,8.04,202
3,159,E. saligna,3,280,ambient,28,wet,301,7.28,208
3,159,E. saligna,3,280,ambient,28,wet,200,6.08,215
3,159,E. saligna,3,280,ambient,28,wet,100,3.24,240
3,159,E. saligna,3,280,ambient,28,wet,60,1.16,259
3,159,E. saligna,3,280,ambient,28,wet,31,0.71,263
3,159,E. saligna,3,280,ambient,28,wet,0,-0.16,273
3,159,E. saligna,3,280,ambient,34,wet,1501,7.2,177
3,159,E. saligna,3,280,ambient,34,wet,1201,8.23,169
3,159,E. saligna,3,280,ambient,34,wet,900,7.8,181
3,159,E. saligna,3,280,ambient,34,wet,701,7.09,186
3,159,E. saligna,3,280,ambient,34,wet,500,6.72,184
3,159,E. saligna,3,280,ambient,34,wet,299,6.28,176
3,159,E. saligna,3,280,ambient,34,wet,201,4.34,189
3,159,E. saligna,3,280,ambient,34,wet,101,2.09,222
3,159,E. saligna,3,280,ambient,34,wet,60,1.03,241
3,159,E. saligna,3,280,ambient,34,wet,31,-0.09,269
3,159,E. saligna,3,280,ambient,34,wet,0,-1.61,320
2,64,E. saligna,2,400,ambient,28,dry,1501,16.4,318
2,64,E. saligna,2,400,ambient,28,dry,1200,15.9,319
2,64,E. saligna,2,400,ambient,28,dry,901,14.9,320
2,64,E. saligna,2,400,ambient,28,dry,701,14.1,321
2,64,E. saligna,2,400,ambient,28,dry,501,12.7,325
2,64,E. saligna,2,400,ambient,28,dry,300,10.4,334
2,64,E. saligna,2,400,ambient,28,dry,200,8.28,342
2,64,E. saligna,2,400,ambient,28,dry,100,4.53,361
2,64,E. saligna,2,400,ambient,28,dry,61,2.73,371
2,64,E. saligna,2,400,ambient,28,dry,30,1.04,382
2,64,E. saligna,2,400,ambient,28,dry,0,-0.82,395
2,64,E. saligna,2,400,ambient,34,dry,1500,14.6,278
2,64,E. saligna,2,400,ambient,34,dry,1200,14.4,280
2,64,E. saligna,2,400,ambient,34,dry,900,13.7,284
2,64,E. saligna,2,400,ambient,34,dry,699,13,287
2,64,E. saligna,2,400,ambient,34,dry,501,12,291
2,64,E. saligna,2,400,ambient,34,dry,299,9.38,308
2,64,E. saligna,2,400,ambient,34,dry,200,7.35,320
2,64,E. saligna,2,400,ambient,34,dry,100,4.02,347
2,64,E. saligna,2,400,ambient,34,dry,61,2.13,364
2,64,E. saligna,2,400,ambient,34,dry,30,0.59,379
2,64,E. saligna,2,400,ambient,34,dry,0,-1.08,399
2,72,E. saligna,2,400,ambient,28,wet,1500,18.7,284
2,72,E. saligna,2,400,ambient,28,wet,1201,14.9,304
2,72,E. saligna,2,400,ambient,28,wet,900,15.6,301
2,72,E. saligna,2,400,ambient,28,wet,700,15.6,301
2,72,E. saligna,2,400,ambient,28,wet,501,14.7,306
2,72,E. saligna,2,400,ambient,28,wet,300,10.9,327
2,72,E. saligna,2,400,ambient,28,wet,201,8.72,339
2,72,E. saligna,2,400,ambient,28,wet,99,3.99,367
2,72,E. saligna,2,400,ambient,28,wet,60,2.08,377
2,72,E. saligna,2,400,ambient,28,wet,31,0.22,387
2,72,E. saligna,2,400,ambient,28,wet,0,-1.55,398
2,72,E. saligna,2,400,ambient,34,wet,1500,16.3,274
2,72,E. saligna,2,400,ambient,34,wet,1199,15.6,279
2,72,E. saligna,2,400,ambient,34,wet,900,14.7,285
2,72,E. saligna,2,400,ambient,34,wet,699,13.5,292
2,72,E. saligna,2,400,ambient,34,wet,500,12,301
2,72,E. saligna,2,400,ambient,34,wet,301,9.16,319
2,72,E. saligna,2,400,ambient,34,wet,201,6.62,335
2,72,E. saligna,2,400,ambient,34,wet,99,2.93,361
2,72,E. saligna,2,400,ambient,34,wet,61,1.12,374
2,72,E. saligna,2,400,ambient,34,wet,31,-0.51,388
2,72,E. saligna,2,400,ambient,34,wet,0,-2.35,403
7,563,E. sideroxylon,7,640,elevated,28,wet,1501,23.8,420
7,563,E. sideroxylon,7,640,elevated,28,wet,1200,24.3,427
7,563,E. sideroxylon,7,640,elevated,28,wet,901,23.5,440
7,563,E. sideroxylon,7,640,elevated,28,wet,700,22.1,457
7,563,E. sideroxylon,7,640,elevated,28,wet,501,21.2,465
7,563,E. sideroxylon,7,640,elevated,28,wet,301,18,488
7,563,E. sideroxylon,7,640,elevated,28,wet,200,15.2,508
7,563,E. sideroxylon,7,640,elevated,28,wet,99,8.83,555
7,563,E. sideroxylon,7,640,elevated,28,wet,60,3.83,593
7,563,E. sideroxylon,7,640,elevated,28,wet,30,2.22,604
7,563,E. sideroxylon,7,640,elevated,28,wet,0,-1.21,634
7,563,E. sideroxylon,7,640,elevated,34,wet,1500,26.4,467
7,563,E. sideroxylon,7,640,elevated,34,wet,1199,27.2,466
7,563,E. sideroxylon,7,640,elevated,34,wet,901,25.3,482
7,563,E. sideroxylon,7,640,elevated,34,wet,700,24.6,490
7,563,E. sideroxylon,7,640,elevated,34,wet,501,22.4,503
7,563,E. sideroxylon,7,640,elevated,34,wet,301,18.5,523
7,563,E. sideroxylon,7,640,elevated,34,wet,200,15.4,540
7,563,E. sideroxylon,7,640,elevated,34,wet,101,7.7,577
7,563,E. sideroxylon,7,640,elevated,34,wet,60,4.52,594
7,563,E. sideroxylon,7,640,elevated,34,wet,30,1.03,614
7,563,E. sideroxylon,7,640,elevated,34,wet,0,-1.92,633
4,282,E. sideroxylon,4,640,ambient,28,wet,1499,26.1,462
4,282,E. sideroxylon,4,640,ambient,28,wet,1200,26,461
4,282,E. sideroxylon,4,640,ambient,28,wet,899,27.3,453
4,282,E. sideroxylon,4,640,ambient,28,wet,700,20.7,490
4,282,E. sideroxylon,4,640,ambient,28,wet,500,18.6,500
4,282,E. sideroxylon,4,640,ambient,28,wet,300,19,495
4,282,E. sideroxylon,4,640,ambient,28,wet,200,11.8,543
4,282,E. sideroxylon,4,640,ambient,28,wet,100,4.78,589
4,282,E. sideroxylon,4,640,ambient,28,wet,59,6.98,573
4,282,E. sideroxylon,4,640,ambient,28,wet,30,3.54,598
4,282,E. sideroxylon,4,640,ambient,28,wet,0,-0.24,626
4,282,E. sideroxylon,4,640,ambient,34,wet,1500,24.4,426
4,282,E. sideroxylon,4,640,ambient,34,wet,1201,23.7,433
4,282,E. sideroxylon,4,640,ambient,34,wet,900,22.8,440
4,282,E. sideroxylon,4,640,ambient,34,wet,701,22.1,446
4,282,E. sideroxylon,4,640,ambient,34,wet,501,20.2,461
4,282,E. sideroxylon,4,640,ambient,34,wet,300,16.6,488
4,282,E. sideroxylon,4,640,ambient,34,wet,200,13.3,513
4,282,E. sideroxylon,4,640,ambient,34,wet,99,6.79,563
4,282,E. sideroxylon,4,640,ambient,34,wet,61,3.7,588
4,282,E. sideroxylon,4,640,ambient,34,wet,30,0.75,612
4,282,E. sideroxylon,4,640,ambient,34,wet,0,-2.18,637
3,125,E. sideroxylon,3,280,ambient,28,wet,1500,25,200
3,125,E. sideroxylon,3,280,ambient,28,wet,1199,24.1,200
3,125,E. sideroxylon,3,280,ambient,28,wet,900,23.3,200
3,125,E. sideroxylon,3,280,ambient,28,wet,701,22.5,202
3,125,E. sideroxylon,3,280,ambient,28,wet,500,20.5,206
3,125,E. sideroxylon,3,280,ambient,28,wet,300,16.5,219
3,125,E. sideroxylon,3,280,ambient,28,wet,200,21.2,209
3,125,E. sideroxylon,3,280,ambient,28,wet,101,7.31,251
3,125,E. sideroxylon,3,280,ambient,28,wet,60,1.56,269
3,125,E. sideroxylon,3,280,ambient,28,wet,30,3.15,265
3,125,E. sideroxylon,3,280,ambient,28,wet,0,-0.58,277
3,125,E. sideroxylon,3,280,ambient,34,wet,1500,26.4,189
3,125,E. sideroxylon,3,280,ambient,34,wet,1201,24.5,194
3,125,E. sideroxylon,3,280,ambient,34,wet,901,23.6,196
3,125,E. sideroxylon,3,280,ambient,34,wet,701,22.1,201
3,125,E. sideroxylon,3,280,ambient,34,wet,501,20.1,207
3,125,E. sideroxylon,3,280,ambient,34,wet,301,16.4,218
3,125,E. sideroxylon,3,280,ambient,34,wet,201,10.8,236
3,125,E. sideroxylon,3,280,ambient,34,wet,100,6.3,251
3,125,E. sideroxylon,3,280,ambient,34,wet,60,3.49,260
3,125,E. sideroxylon,3,280,ambient,34,wet,30,0.98,268
3,125,E. sideroxylon,3,280,ambient,34,wet,0,-1.98,278
6,458,E. saligna,6,280,elevated,28,wet,1500,15.2,227
6,458,E. saligna,6,280,elevated,28,wet,1200,14.9,226
6,458,E. saligna,6,280,elevated,28,wet,899,14.5,226
6,458,E. saligna,6,280,elevated,28,wet,700,14,226
6,458,E. saligna,6,280,elevated,28,wet,501,12.9,228
6,458,E. saligna,6,280,elevated,28,wet,301,11.1,233
6,458,E. saligna,6,280,elevated,28,wet,200,9.1,239
6,458,E. saligna,6,280,elevated,28,wet,99,5.29,252
6,458,E. saligna,6,280,elevated,28,wet,60,3.13,260
6,458,E. saligna,6,280,elevated,28,wet,30,1.12,268
6,458,E. saligna,6,280,elevated,28,wet,0,-1.01,277
6,458,E. saligna,6,280,elevated,34,wet,1500,15,209
6,458,E. saligna,6,280,elevated,34,wet,1201,15.3,207
6,458,E. saligna,6,280,elevated,34,wet,900,14.5,210
6,458,E. saligna,6,280,elevated,34,wet,699,13.6,215
6,458,E. saligna,6,280,elevated,34,wet,501,13.9,211
6,458,E. saligna,6,280,elevated,34,wet,301,11.2,224
6,458,E. saligna,6,280,elevated,34,wet,200,9.33,229
6,458,E. saligna,6,280,elevated,34,wet,101,5.81,244
6,458,E. saligna,6,280,elevated,34,wet,60,2.25,260
6,458,E. saligna,6,280,elevated,34,wet,30,1.36,264
6,458,E. saligna,6,280,elevated,34,wet,0,-1.28,277
7,541,E. sideroxylon,7,640,elevated,28,wet,1501,24,456
7,541,E. sideroxylon,7,640,elevated,28,wet,1499,20.7,422
7,541,E. sideroxylon,7,640,elevated,28,wet,1199,20.6,433
7,541,E. sideroxylon,7,640,elevated,28,wet,901,19.4,454
7,541,E. sideroxylon,7,640,elevated,28,wet,700,18,463
7,541,E. sideroxylon,7,640,elevated,28,wet,499,16.3,475
7,541,E. sideroxylon,7,640,elevated,28,wet,300,13.4,497
7,541,E. sideroxylon,7,640,elevated,28,wet,200,11.1,517
7,541,E. sideroxylon,7,640,elevated,28,wet,99,6.54,560
7,541,E. sideroxylon,7,640,elevated,28,wet,60,3.88,586
7,541,E. sideroxylon,7,640,elevated,28,wet,30,1.81,607
7,541,E. sideroxylon,7,640,elevated,28,wet,0,-0.74,635
7,541,E. sideroxylon,7,640,elevated,34,wet,1500,16.8,439
7,541,E. sideroxylon,7,640,elevated,34,wet,1200,16.5,445
7,541,E. sideroxylon,7,640,elevated,34,wet,900,15.8,456
7,541,E. sideroxylon,7,640,elevated,34,wet,701,14.6,461
7,541,E. sideroxylon,7,640,elevated,34,wet,499,13.1,472
7,541,E. sideroxylon,7,640,elevated,34,wet,300,11,490
7,541,E. sideroxylon,7,640,elevated,34,wet,200,8.98,510
7,541,E. sideroxylon,7,640,elevated,34,wet,101,5.31,552
7,541,E. sideroxylon,7,640,elevated,34,wet,60,3.08,579
7,541,E. sideroxylon,7,640,elevated,34,wet,30,1.02,605
7,541,E. sideroxylon,7,640,elevated,34,wet,0,-1.19,634
6,448,E. saligna,6,280,elevated,28,wet,1501,13.1,210
6,448,E. saligna,6,280,elevated,28,wet,1199,12.8,209
6,448,E. saligna,6,280,elevated,28,wet,900,12.1,210
6,448,E. saligna,6,280,elevated,28,wet,700,11.5,211
6,448,E. saligna,6,280,elevated,28,wet,500,10.5,213
6,448,E. saligna,6,280,elevated,28,wet,301,8.78,221
6,448,E. saligna,6,280,elevated,28,wet,201,7.42,228
6,448,E. saligna,6,280,elevated,28,wet,99,4.36,246
6,448,E. saligna,6,280,elevated,28,wet,60,2.45,257
6,448,E. saligna,6,280,elevated,28,wet,30,0.93,268
6,448,E. saligna,6,280,elevated,28,wet,0,-1,282
6,448,E. saligna,6,280,elevated,34,wet,1500,10.5,193
6,448,E. saligna,6,280,elevated,34,wet,1200,10.7,192
6,448,E. saligna,6,280,elevated,34,wet,900,10.5,194
6,448,E. saligna,6,280,elevated,34,wet,699,10,197
6,448,E. saligna,6,280,elevated,34,wet,500,9.52,200
6,448,E. saligna,6,280,elevated,34,wet,300,8.11,209
6,448,E. saligna,6,280,elevated,34,wet,200,6.71,218
6,448,E. saligna,6,280,elevated,34,wet,101,4.16,237
6,448,E. saligna,6,280,elevated,34,wet,60,2.34,251
6,448,E. saligna,6,280,elevated,34,wet,30,0.93,263
6,448,E. saligna,6,280,elevated,34,wet,0,-1.2,283
5,361,E. saligna,5,400,elevated,28,wet,1500,18.7,312
5,361,E. saligna,5,400,elevated,28,wet,1199,18,310
5,361,E. saligna,5,400,elevated,28,wet,900,16.9,310
5,361,E. saligna,5,400,elevated,28,wet,700,15.7,311
5,361,E. saligna,5,400,elevated,28,wet,499,14.1,313
5,361,E. saligna,5,400,elevated,28,wet,300,11.5,325
5,361,E. saligna,5,400,elevated,28,wet,201,9.29,336
5,361,E. saligna,5,400,elevated,28,wet,100,5.37,358
5,361,E. saligna,5,400,elevated,28,wet,61,3.21,370
5,361,E. saligna,5,400,elevated,28,wet,29,1.02,384
5,361,E. saligna,5,400,elevated,28,wet,0,-1.12,398
5,361,E. saligna,5,400,elevated,34,wet,1500,16.5,289
5,361,E. saligna,5,400,elevated,34,wet,1201,16.4,289
5,361,E. saligna,5,400,elevated,34,wet,900,15.6,291
5,361,E. saligna,5,400,elevated,34,wet,700,14.8,294
5,361,E. saligna,5,400,elevated,34,wet,501,13.5,299
5,361,E. saligna,5,400,elevated,34,wet,300,11.1,312
5,361,E. saligna,5,400,elevated,34,wet,200,8.68,327
5,361,E. saligna,5,400,elevated,34,wet,101,4.91,352
5,361,E. saligna,5,400,elevated,34,wet,59,2.61,367
5,361,E. saligna,5,400,elevated,34,wet,29,0.7,381
5,361,E. saligna,5,400,elevated,34,wet,0,-1.66,400
5,360,E. saligna,5,400,elevated,28,wet,1501,17.9,303
5,360,E. saligna,5,400,elevated,28,wet,1199,17.7,300
5,360,E. saligna,5,400,elevated,28,wet,901,16.9,301
5,360,E. saligna,5,400,elevated,28,wet,699,16.1,302
5,360,E. saligna,5,400,elevated,28,wet,500,14.9,307
5,360,E. saligna,5,400,elevated,28,wet,300,12,320
5,360,E. saligna,5,400,elevated,28,wet,200,9.55,332
5,360,E. saligna,5,400,elevated,28,wet,100,5.26,357
5,360,E. saligna,5,400,elevated,28,wet,61,3.17,370
5,360,E. saligna,5,400,elevated,28,wet,29,1.27,383
5,360,E. saligna,5,400,elevated,28,wet,1,-1.06,399
5,360,E. saligna,5,400,elevated,34,wet,1500,17.4,284
5,360,E. saligna,5,400,elevated,34,wet,1199,17.2,282
5,360,E. saligna,5,400,elevated,34,wet,900,16.6,285
5,360,E. saligna,5,400,elevated,34,wet,701,15.8,288
5,360,E. saligna,5,400,elevated,34,wet,501,14.5,295
5,360,E. saligna,5,400,elevated,34,wet,300,11.5,312
5,360,E. saligna,5,400,elevated,34,wet,201,9.33,325
5,360,E. saligna,5,400,elevated,34,wet,99,4.8,354
5,360,E. saligna,5,400,elevated,34,wet,60,2.62,369
5,360,E. saligna,5,400,elevated,34,wet,29,0.84,382
5,360,E. saligna,5,400,elevated,34,wet,1,-1.47,400
5,375,E. saligna,5,400,elevated,28,wet,1500,21,307
5,375,E. saligna,5,400,elevated,28,wet,1200,20.1,309
5,375,E. saligna,5,400,elevated,28,wet,901,18.9,311
5,375,E. saligna,5,400,elevated,28,wet,700,17.6,316
5,375,E. saligna,5,400,elevated,28,wet,500,15.9,322
5,375,E. saligna,5,400,elevated,28,wet,300,12.6,335
5,375,E. saligna,5,400,elevated,28,wet,200,9.9,347
5,375,E. saligna,5,400,elevated,28,wet,100,5.49,367
5,375,E. saligna,5,400,elevated,28,wet,61,2.92,379
5,375,E. saligna,5,400,elevated,28,wet,29,0.92,389
5,375,E. saligna,5,400,elevated,28,wet,0,-1.44,401
5,375,E. saligna,5,400,elevated,34,wet,1500,17.7,289
5,375,E. saligna,5,400,elevated,34,wet,1199,17.3,283
5,375,E. saligna,5,400,elevated,34,wet,899,16.3,280
5,375,E. saligna,5,400,elevated,34,wet,700,15,280
5,375,E. saligna,5,400,elevated,34,wet,500,13.2,284
5,375,E. saligna,5,400,elevated,34,wet,300,10.7,296
5,375,E. saligna,5,400,elevated,34,wet,200,8.37,309
5,375,E. saligna,5,400,elevated,34,wet,100,4.18,344
5,375,E. saligna,5,400,elevated,34,wet,61,2.22,361
5,375,E. saligna,5,400,elevated,34,wet,29,-0.17,387
5,375,E. saligna,5,400,elevated,34,wet,1,-2.13,412
4,249,E. saligna,4,640,ambient,28,wet,1500,24.1,506
4,249,E. saligna,4,640,ambient,28,wet,1201,22.6,506
4,249,E. saligna,4,640,ambient,28,wet,901,21,504
4,249,E. saligna,4,640,ambient,28,wet,701,19.7,502
4,249,E. saligna,4,640,ambient,28,wet,501,17.7,507
4,249,E. saligna,4,640,ambient,28,wet,301,15,520
4,249,E. saligna,4,640,ambient,28,wet,201,11.8,536
4,249,E. saligna,4,640,ambient,28,wet,101,6.46,573
4,249,E. saligna,4,640,ambient,28,wet,61,3.87,592
4,249,E. saligna,4,640,ambient,28,wet,29,1.43,613
4,249,E. saligna,4,640,ambient,28,wet,0,-1.42,640
4,249,E. saligna,4,640,ambient,34,wet,1499,21.2,419
4,249,E. saligna,4,640,ambient,34,wet,1200,20.9,427
4,249,E. saligna,4,640,ambient,34,wet,900,20.3,435
4,249,E. saligna,4,640,ambient,34,wet,701,19.1,442
4,249,E. saligna,4,640,ambient,34,wet,500,17.5,447
4,249,E. saligna,4,640,ambient,34,wet,300,14.3,462
4,249,E. saligna,4,640,ambient,34,wet,201,10.8,488
4,249,E. saligna,4,640,ambient,34,wet,100,5.75,541
4,249,E. saligna,4,640,ambient,34,wet,61,3.27,570
4,249,E. saligna,4,640,ambient,34,wet,29,0.88,605
4,249,E. saligna,4,640,ambient,34,wet,0,-1.56,647
4,246,E. saligna,4,640,ambient,28,wet,1500,24.4,496
4,246,E. saligna,4,640,ambient,28,wet,1201,23.6,496
4,246,E. saligna,4,640,ambient,28,wet,899,22.2,498
4,246,E. saligna,4,640,ambient,28,wet,700,21.2,501
4,246,E. saligna,4,640,ambient,28,wet,500,19.4,509
4,246,E. saligna,4,640,ambient,28,wet,300,15.8,528
4,246,E. saligna,4,640,ambient,28,wet,199,12,550
4,246,E. saligna,4,640,ambient,28,wet,100,6.73,582
4,246,E. saligna,4,640,ambient,28,wet,60,3.57,602
4,246,E. saligna,4,640,ambient,28,wet,29,1.32,618
4,246,E. saligna,4,640,ambient,28,wet,1,-1.4,637
4,246,E. saligna,4,640,ambient,34,wet,1500,25.1,454
4,246,E. saligna,4,640,ambient,34,wet,1200,24.4,455
4,246,E. saligna,4,640,ambient,34,wet,900,22.7,461
4,246,E. saligna,4,640,ambient,34,wet,699,21.2,466
4,246,E. saligna,4,640,ambient,34,wet,499,18.9,478
4,246,E. saligna,4,640,ambient,34,wet,299,14.3,507
4,246,E. saligna,4,640,ambient,34,wet,199,10.6,532
4,246,E. saligna,4,640,ambient,34,wet,101,5.23,574
4,246,E. saligna,4,640,ambient,34,wet,60,2.53,597
4,246,E. saligna,4,640,ambient,34,wet,29,0.32,616
4,246,E. saligna,4,640,ambient,34,wet,1,-2.07,637
3,153,E. saligna,3,280,ambient,28,wet,1500,14.4,217
3,153,E. saligna,3,280,ambient,28,wet,1201,13.9,216
3,153,E. saligna,3,280,ambient,28,wet,900,13.3,214
3,153,E. saligna,3,280,ambient,28,wet,700,12.5,213
3,153,E. saligna,3,280,ambient,28,wet,500,11.5,214
3,153,E. saligna,3,280,ambient,28,wet,300,9.44,222
3,153,E. saligna,3,280,ambient,28,wet,200,7.32,231
3,153,E. saligna,3,280,ambient,28,wet,101,4.07,248
3,153,E. saligna,3,280,ambient,28,wet,60,2.16,259
3,153,E. saligna,3,280,ambient,28,wet,29,0.49,270
3,153,E. saligna,3,280,ambient,28,wet,1,-1.71,286
3,153,E. saligna,3,280,ambient,34,wet,1501,10.7,180
3,153,E. saligna,3,280,ambient,34,wet,1201,10.6,181
3,153,E. saligna,3,280,ambient,34,wet,899,10.2,181
3,153,E. saligna,3,280,ambient,34,wet,701,9.56,182
3,153,E. saligna,3,280,ambient,34,wet,500,8.66,187
3,153,E. saligna,3,280,ambient,34,wet,300,7.61,194
3,153,E. saligna,3,280,ambient,34,wet,200,5.97,208
3,153,E. saligna,3,280,ambient,34,wet,99,3.04,237
3,153,E. saligna,3,280,ambient,34,wet,60,1.39,254
3,153,E. saligna,3,280,ambient,34,wet,29,0.08,268
3,153,E. saligna,3,280,ambient,34,wet,1,-2.27,294
2,58,E. saligna,2,400,ambient,28,dry,1500,22.1,301
2,58,E. saligna,2,400,ambient,28,dry,1200,20.9,300
2,58,E. saligna,2,400,ambient,28,dry,900,19.2,301
2,58,E. saligna,2,400,ambient,28,dry,701,17.8,299
2,58,E. saligna,2,400,ambient,28,dry,501,15.5,300
2,58,E. saligna,2,400,ambient,28,dry,300,12.3,311
2,58,E. saligna,2,400,ambient,28,dry,200,9.7,324
2,58,E. saligna,2,400,ambient,28,dry,101,5.38,352
2,58,E. saligna,2,400,ambient,28,dry,60,3.12,367
2,58,E. saligna,2,400,ambient,28,dry,29,1.05,381
2,58,E. saligna,2,400,ambient,28,dry,1,-1.71,400
2,58,E. saligna,2,400,ambient,34,dry,1500,18.2,254
2,58,E. saligna,2,400,ambient,34,dry,1199,17.7,254
2,58,E. saligna,2,400,ambient,34,dry,899,16.2,259
2,58,E. saligna,2,400,ambient,34,dry,700,15.1,264
2,58,E. saligna,2,400,ambient,34,dry,500,13.7,272
2,58,E. saligna,2,400,ambient,34,dry,301,11.2,289
2,58,E. saligna,2,400,ambient,34,dry,201,8.53,310
2,58,E. saligna,2,400,ambient,34,dry,99,4.69,342
2,58,E. saligna,2,400,ambient,34,dry,61,2.4,362
2,58,E. saligna,2,400,ambient,34,dry,29,0.47,380
2,58,E. saligna,2,400,ambient,34,dry,1,-1.82,400
2,71,E. saligna,2,400,ambient,28,wet,1500,16.6,296
2,71,E. saligna,2,400,ambient,28,wet,1201,15.8,289
2,71,E. saligna,2,400,ambient,28,wet,901,15,284
2,71,E. saligna,2,400,ambient,28,wet,701,14,277
2,71,E. saligna,2,400,ambient,28,wet,501,12.8,277
2,71,E. saligna,2,400,ambient,28,wet,301,11,285
2,71,E. saligna,2,400,ambient,28,wet,200,9.07,294
2,71,E. saligna,2,400,ambient,28,wet,100,5.72,322
2,71,E. saligna,2,400,ambient,28,wet,61,3.75,339
2,71,E. saligna,2,400,ambient,28,wet,29,1.69,364
2,71,E. saligna,2,400,ambient,28,wet,0,-0.36,395
2,71,E. saligna,2,400,ambient,34,wet,1500,13.4,230
2,71,E. saligna,2,400,ambient,34,wet,1200,13.8,241
2,71,E. saligna,2,400,ambient,34,wet,901,13.8,249
2,71,E. saligna,2,400,ambient,34,wet,701,13.6,256
2,71,E. saligna,2,400,ambient,34,wet,499,12.7,264
2,71,E. saligna,2,400,ambient,34,wet,299,10.6,278
2,71,E. saligna,2,400,ambient,34,wet,200,8.85,291
2,71,E. saligna,2,400,ambient,34,wet,100,5.1,322
2,71,E. saligna,2,400,ambient,34,wet,61,3.24,340
2,71,E. saligna,2,400,ambient,34,wet,29,1.33,363
2,71,E. saligna,2,400,ambient,34,wet,0,-0.77,401
7,556,E. sideroxylon,7,640,elevated,28,wet,1499,29.6,510
7,556,E. sideroxylon,7,640,elevated,28,wet,1200,27.1,513
7,556,E. sideroxylon,7,640,elevated,28,wet,900,26.1,513
7,556,E. sideroxylon,7,640,elevated,28,wet,701,24.8,513
7,556,E. sideroxylon,7,640,elevated,28,wet,500,22.1,519
7,556,E. sideroxylon,7,640,elevated,28,wet,301,19.7,524
7,556,E. sideroxylon,7,640,elevated,28,wet,199,16.8,529
7,556,E. sideroxylon,7,640,elevated,28,wet,101,10.1,562
7,556,E. sideroxylon,7,640,elevated,28,wet,59,6.06,583
7,556,E. sideroxylon,7,640,elevated,28,wet,29,2.6,604
7,556,E. sideroxylon,7,640,elevated,28,wet,0,-1.54,638
7,556,E. sideroxylon,7,640,elevated,34,wet,1500,27.9,452
7,556,E. sideroxylon,7,640,elevated,34,wet,1200,27.7,460
7,556,E. sideroxylon,7,640,elevated,34,wet,901,26.2,476
7,556,E. sideroxylon,7,640,elevated,34,wet,700,25.8,480
7,556,E. sideroxylon,7,640,elevated,34,wet,500,24.2,492
7,556,E. sideroxylon,7,640,elevated,34,wet,301,20.6,513
7,556,E. sideroxylon,7,640,elevated,34,wet,200,16.5,537
7,556,E. sideroxylon,7,640,elevated,34,wet,101,9.26,574
7,556,E. sideroxylon,7,640,elevated,34,wet,59,5.65,592
7,556,E. sideroxylon,7,640,elevated,34,wet,29,1.93,611
7,556,E. sideroxylon,7,640,elevated,34,wet,0,-1.7,632
4,230,E. sideroxylon,4,640,ambient,28,wet,1501,20.1,570
4,230,E. sideroxylon,4,640,ambient,28,wet,1201,20.3,570
4,230,E. sideroxylon,4,640,ambient,28,wet,899,18.8,573
4,230,E. sideroxylon,4,640,ambient,28,wet,701,18.1,575
4,230,E. sideroxylon,4,640,ambient,28,wet,500,16.7,576
4,230,E. sideroxylon,4,640,ambient,28,wet,300,13.7,585
4,230,E. sideroxylon,4,640,ambient,28,wet,200,11.3,593
4,230,E. sideroxylon,4,640,ambient,28,wet,99,5.78,608
4,230,E. sideroxylon,4,640,ambient,28,wet,60,3.6,615
4,230,E. sideroxylon,4,640,ambient,28,wet,30,0.88,624
4,230,E. sideroxylon,4,640,ambient,28,wet,0,-2.15,635
4,230,E. sideroxylon,4,640,ambient,34,wet,1501,23.1,534
4,230,E. sideroxylon,4,640,ambient,34,wet,1200,21.9,537
4,230,E. sideroxylon,4,640,ambient,34,wet,901,20.8,540
4,230,E. sideroxylon,4,640,ambient,34,wet,699,19.4,543
4,230,E. sideroxylon,4,640,ambient,34,wet,501,17.7,551
4,230,E. sideroxylon,4,640,ambient,34,wet,299,14.1,560
4,230,E. sideroxylon,4,640,ambient,34,wet,200,10.4,574
4,230,E. sideroxylon,4,640,ambient,34,wet,101,5.31,595
4,230,E. sideroxylon,4,640,ambient,34,wet,59,2.69,607
4,230,E. sideroxylon,4,640,ambient,34,wet,29,0.45,617
4,230,E. sideroxylon,4,640,ambient,34,wet,0,-2.66,631
3,120,E. sideroxylon,3,280,ambient,28,wet,1499,20.4,203
3,120,E. sideroxylon,3,280,ambient,28,wet,1200,20.3,205
3,120,E. sideroxylon,3,280,ambient,28,wet,900,19.3,208
3,120,E. sideroxylon,3,280,ambient,28,wet,700,18.3,211
3,120,E. sideroxylon,3,280,ambient,28,wet,500,16.9,215
3,120,E. sideroxylon,3,280,ambient,28,wet,301,13.5,225
3,120,E. sideroxylon,3,280,ambient,28,wet,199,10.5,235
3,120,E. sideroxylon,3,280,ambient,28,wet,101,5.86,252
3,120,E. sideroxylon,3,280,ambient,28,wet,61,3.51,260
3,120,E. sideroxylon,3,280,ambient,28,wet,29,1.38,269
3,120,E. sideroxylon,3,280,ambient,28,wet,0,-1.09,279
3,120,E. sideroxylon,3,280,ambient,34,wet,1500,20.4,198
3,120,E. sideroxylon,3,280,ambient,34,wet,1199,20.1,199
3,120,E. sideroxylon,3,280,ambient,34,wet,899,19.2,203
3,120,E. sideroxylon,3,280,ambient,34,wet,699,17.9,208
3,120,E. sideroxylon,3,280,ambient,34,wet,499,16.5,211
3,120,E. sideroxylon,3,280,ambient,34,wet,300,12.9,224
3,120,E. sideroxylon,3,280,ambient,34,wet,201,9.76,235
3,120,E. sideroxylon,3,280,ambient,34,wet,101,5.04,252
3,120,E. sideroxylon,3,280,ambient,34,wet,61,2.93,261
3,120,E. sideroxylon,3,280,ambient,34,wet,29,0.79,269
3,120,E. sideroxylon,3,280,ambient,34,wet,0,-1.43,279
3,117,E. sideroxylon,3,280,ambient,28,wet,1500,24.2,200
3,117,E. sideroxylon,3,280,ambient,28,wet,1199,23.8,200
3,117,E. sideroxylon,3,280,ambient,28,wet,900,22.9,203
3,117,E. sideroxylon,3,280,ambient,28,wet,701,21.6,207
3,117,E. sideroxylon,3,280,ambient,28,wet,500,19.6,212
3,117,E. sideroxylon,3,280,ambient,28,wet,299,15.3,224
3,117,E. sideroxylon,3,280,ambient,28,wet,199,11.4,237
3,117,E. sideroxylon,3,280,ambient,28,wet,101,6.16,254
3,117,E. sideroxylon,3,280,ambient,28,wet,59,3.54,263
3,117,E. sideroxylon,3,280,ambient,28,wet,30,1.16,271
3,117,E. sideroxylon,3,280,ambient,28,wet,0,-1.41,279
3,117,E. sideroxylon,3,280,ambient,34,wet,1500,24.9,200
3,117,E. sideroxylon,3,280,ambient,34,wet,1200,24,201
3,117,E. sideroxylon,3,280,ambient,34,wet,900,22.7,203
3,117,E. sideroxylon,3,280,ambient,34,wet,699,21.6,205
3,117,E. sideroxylon,3,280,ambient,34,wet,501,19.3,212
3,117,E. sideroxylon,3,280,ambient,34,wet,299,14.9,224
3,117,E. sideroxylon,3,280,ambient,34,wet,200,11,237
3,117,E. sideroxylon,3,280,ambient,34,wet,99,5.75,254
3,117,E. sideroxylon,3,280,ambient,34,wet,59,3.33,262
3,117,E. sideroxylon,3,280,ambient,34,wet,29,1.08,269
3,117,E. sideroxylon,3,280,ambient,34,wet,0,-1.5,278
6,491,E. sideroxylon,6,280,elevated,28,wet,1499,15.7,217
6,491,E. sideroxylon,6,280,elevated,28,wet,1200,15.2,217
6,491,E. sideroxylon,6,280,elevated,28,wet,900,14.5,218
6,491,E. sideroxylon,6,280,elevated,28,wet,700,13.8,220
6,491,E. sideroxylon,6,280,elevated,28,wet,501,12.4,224
6,491,E. sideroxylon,6,280,elevated,28,wet,300,10.1,232
6,491,E. sideroxylon,6,280,elevated,28,wet,200,7.96,240
6,491,E. sideroxylon,6,280,elevated,28,wet,101,4.62,254
6,491,E. sideroxylon,6,280,elevated,28,wet,60,2.68,262
6,491,E. sideroxylon,6,280,elevated,28,wet,30,1.05,269
6,491,E. sideroxylon,6,280,elevated,28,wet,0,-0.85,280
6,491,E. sideroxylon,6,280,elevated,34,wet,1501,15.3,200
6,491,E. sideroxylon,6,280,elevated,34,wet,1201,15,203
6,491,E. sideroxylon,6,280,elevated,34,wet,901,14.3,207
6,491,E. sideroxylon,6,280,elevated,34,wet,699,13.6,211
6,491,E. sideroxylon,6,280,elevated,34,wet,500,12.2,217
6,491,E. sideroxylon,6,280,elevated,34,wet,301,9.49,227
6,491,E. sideroxylon,6,280,elevated,34,wet,199,7.26,237
6,491,E. sideroxylon,6,280,elevated,34,wet,101,3.86,252
6,491,E. sideroxylon,6,280,elevated,34,wet,60,2.26,260
6,491,E. sideroxylon,6,280,elevated,34,wet,30,0.67,268
6,491,E. sideroxylon,6,280,elevated,34,wet,0,-1.07,278
